subject,subject_alias,experiment,original_experiment,session,original_session,median_beep_time,experiment_version,expected_offset,expected_offset_pre,expected_beep_time,fixation,beep_duration
R1347D,R1347D,FR1,,2,,0.6494,1.0,1006.3076923076923,0.0,-284.8789813701923,1006.3076923076923,0.72
R1347D,R1347D,FR1,,3,,0.6407,1.0,1011.3846153846154,0.0,-289.95590444711536,1011.3846153846154,0.72
R1347D,R1347D,FR1,,4,,0.641,1.0,1003.6923076923077,0.0,-282.2635967548077,1003.6923076923077,0.72
R1347D,R1347D,catFR1,,0,,0.6358999999999999,1.0,1007.6923076923077,0.0,-286.2635967548077,1007.6923076923077,0.72
R1347D,R1347D,catFR1,,1,,0.6282,1.0,1010.4615384615385,0.0,-289.03282752403845,1010.4615384615385,0.72
R1347D,R1347D,catFR1,,2,,0.64225,1.0,1010.3076923076923,0.0,-288.8789813701923,1010.3076923076923,0.72
R1366J,R1366J,catFR1,,0,,0.6376999999999999,1.0,1006.3076923076923,0.0,-284.8789813701923,1006.3076923076923,0.72
R1374T,R1374T,FR1,,0,,0.6381,1.0,1006.4615384615385,0.0,-285.03282752403845,1006.4615384615385,0.72
R1374T,R1374T,FR1,,1,,0.6194,1.0,1010.4615384615385,0.0,-289.03282752403845,1010.4615384615385,0.72
R1374T,R1374T,catFR1,,0,,0.6319,1.0,1006.2307692307693,0.0,-284.8020582932692,1006.2307692307693,0.72
R1374T,R1374T,catFR1,,1,,0.6355,1.0,1006.6153846153846,0.0,-285.18667367788464,1006.6153846153846,0.72
R1375C,R1375C,FR1,,0,,0.6366,1.0,1007.8461538461538,0.0,-286.41744290865387,1007.8461538461538,0.72
R1375C,R1375C,catFR1,,1,,0.62975,1.0,1007.9230769230769,0.0,-286.4943659855769,1007.9230769230769,0.72
R1375C,R1375C,catFR1,,2,,0.6454500000000001,1.0,1007.8461538461538,0.0,-286.41744290865387,1007.8461538461538,0.72
R1375C,R1375C,catFR1,,3,,0.6357999999999999,1.0,1007.7692307692307,0.0,-286.3405198317308,1007.7692307692307,0.72
R1375C,R1375C,catFR1,,4,,0.6148,1.0,1004.0,0.0,-282.5712890625,1004.0,0.72
R1376D,R1376D,FR1,,0,,0.6463,1.0,1006.3846153846154,0.0,-284.95590444711536,1006.3846153846154,0.72
R1376D,R1376D,catFR1,,0,,0.6248,1.0,1003.8461538461538,0.0,-282.41744290865387,1003.8461538461538,0.72
R1377M,R1377M,FR1,,0,,0.6274500000000001,1.0,1010.3076923076923,0.0,-288.8789813701923,1010.3076923076923,0.72
R1377M,R1377M,FR1,,1,,0.6412,1.0,1006.6153846153846,0.0,-285.18667367788464,1006.6153846153846,0.72
R1377M,R1377M,FR1,,3,,0.63445,1.0,1010.0,0.0,-288.5712890625,1010.0,0.72
R1377M,R1377M,FR1,,4,,0.6333,1.0,1005.1538461538462,0.0,-283.72513521634613,1005.1538461538462,0.72
R1377M,R1377M,catFR1,,0,,0.63005,1.0,1009.0769230769231,0.0,-287.6482121394231,1009.0769230769231,0.72
R1377M,R1377M,catFR1,,6,,0.0009,1.0,1010.3846153846154,0.0,-288.95590444711536,1010.3846153846154,0.72
R1378T,R1378T,FR1,,0,,0.6368499999999999,1.0,1011.0769230769231,0.0,-289.6482121394231,1011.0769230769231,0.72
R1378T,R1378T,FR1,,1,,0.64225,1.0,1006.6923076923077,0.0,-285.2635967548077,1006.6923076923077,0.72
R1378T,R1378T,FR1,,2,,0.63095,1.0,1010.0769230769231,0.0,-288.6482121394231,1010.0769230769231,0.72
R1378T,R1378T,FR1,,3,,0.63805,1.0,1011.8461538461538,0.0,-290.41744290865387,1011.8461538461538,0.72
R1378T,R1378T,catFR1,,0,,0.6286,1.0,1005.2307692307693,0.0,-283.8020582932692,1005.2307692307693,0.72
R1378T,R1378T,catFR1,,1,,0.6288,1.0,1008.7692307692307,0.0,-287.3405198317308,1008.7692307692307,0.72
R1379E,R1379E,FR1,,0,,0.25229999999999997,1.0,1005.2307692307693,0.0,-283.8020582932692,1005.2307692307693,0.72
R1379E,R1379E,FR1,,1,,0.244,1.0,1006.2307692307693,0.0,-284.8020582932692,1006.2307692307693,0.72
R1379E,R1379E,catFR1,,0,,0.24559999999999998,1.0,1005.2307692307693,0.0,-283.8020582932692,1005.2307692307693,0.72
R1379E,R1379E,catFR1,,1,,0.23575,1.0,1006.3846153846154,0.0,-284.95590444711536,1006.3846153846154,0.72
R1380D,R1380D,FR1,,1,,0.6455500000000001,1.0,1007.8461538461538,0.0,-286.41744290865387,1007.8461538461538,0.72
R1380D,R1380D,catFR1,,1,,0.60945,1.0,1010.3846153846154,0.0,-288.95590444711536,1010.3846153846154,0.72
R1380D,R1380D,catFR1,,2,,0.6331,1.0,1012.5384615384615,0.0,-291.10975060096155,1012.5384615384615,0.72
R1380D,R1380D,catFR1,,3,,0.62775,1.0,1010.3076923076923,0.0,-288.8789813701923,1010.3076923076923,0.72
R1380D,R1380D,catFR1,,4,,0.6303000000000001,1.0,1006.4615384615385,0.0,-285.03282752403845,1006.4615384615385,0.72
R1381T,R1381T,FR1,,0,,0.6193500000000001,1.0,1009.2307692307693,0.0,-287.8020582932692,1009.2307692307693,0.72
R1381T,R1381T,catFR1,,0,,0.63775,1.0,1014.0,0.0,-292.5712890625,1014.0,0.72
R1382T,R1382T,FR1,,0,,0.64685,1.0,1010.3076923076923,0.0,-288.8789813701923,1010.3076923076923,0.72
R1382T,R1382T,catFR1,,0,,0.6428499999999999,1.0,1012.6923076923077,0.0,-291.2635967548077,1012.6923076923077,0.72
R1383J,R1383J,FR1,,0,,0.6532,1.0,1008.0,0.0,-286.5712890625,1008.0,0.72
R1383J,R1383J,catFR1,,1,,0.6513,1.0,1005.3076923076923,0.0,-283.8789813701923,1005.3076923076923,0.72
R1383J,R1383J,catFR1,,2,,0.6400999999999999,1.0,1007.7692307692307,0.0,-286.3405198317308,1007.7692307692307,0.72
R1383J,R1383J,catFR1,,3,,0.64085,1.0,1006.5384615384615,0.0,-285.10975060096155,1006.5384615384615,0.72
R1383J,R1383J,catFR1,,4,,0.58115,1.0,1005.1538461538462,0.0,-283.72513521634613,1005.1538461538462,0.72
R1384J,R1384J,FR1,,0,,0.6492,1.0,1006.4615384615385,0.0,-285.03282752403845,1006.4615384615385,0.72
R1384J,R1384J,FR1,,1,,0.6138,1.0,1009.0769230769231,0.0,-287.6482121394231,1009.0769230769231,0.72
R1384J,R1384J,FR1,,2,,0.6352,1.0,1009.0,0.0,-287.5712890625,1009.0,0.72
R1384J,R1384J,FR6,,1,,0.0,6.0,1005.9230769230769,0.0,-505.9230769230769,1005.9230769230769,0.5
R1384J,R1384J,PS5_catFR,PS5_CatFR,0,0.0,0.0,1.0,1009.0,0.0,-509.0,1009.0,0.5
R1384J,R1384J,catFR1,,0,,0.63,1.0,1008.9230769230769,0.0,-287.4943659855769,1008.9230769230769,0.72
R1384J,R1384J,catFR1,,1,,0.6306499999999999,1.0,1010.3076923076923,0.0,-288.8789813701923,1010.3076923076923,0.72
R1384J,R1384J,catFR6,,0,,0.0,6.0,1006.0,0.0,-506.0,1006.0,0.5
R1384J,R1384J,catFR6,,1,,0.0,6.0,1004.5,0.0,-504.5,1004.5,0.5
R1385E,R1385E,FR1,,1,,0.2336,1.0,1008.9230769230769,0.0,-287.4943659855769,1008.9230769230769,0.72
R1385E,R1385E,FR1,,2,,0.23495,1.0,1007.8461538461538,0.0,-286.41744290865387,1007.8461538461538,0.72
R1385E,R1385E,FR1,,3,,0.23620000000000002,1.0,1006.3846153846154,0.0,-284.95590444711536,1006.3846153846154,0.72
R1385E,R1385E,catFR1,,0,,0.23515,1.0,1010.2307692307693,0.0,-288.8020582932692,1010.2307692307693,0.72
R1385E,R1385E,catFR1,,1,,0.2294,1.0,1009.0,0.0,-287.5712890625,1009.0,0.72
R1386T,R1386T,FR1,,0,,0.6311,1.0,1011.3076923076923,0.0,-289.8789813701923,1011.3076923076923,0.72
R1386T,R1386T,FR1,,1,,0.6446000000000001,1.0,1007.6923076923077,0.0,-286.2635967548077,1007.6923076923077,0.72
R1386T,R1386T,catFR1,,1,,0.6351,1.0,1010.1538461538462,0.0,-288.72513521634613,1010.1538461538462,0.72
R1387E,R1387E,FR1,,0,,0.2247,1.0,1007.9230769230769,0.0,-286.4943659855769,1007.9230769230769,0.72
R1387E,R1387E,FR1,,1,,0.23545,1.0,1009.6666666666666,0.0,-288.2379557291667,1009.6666666666666,0.72
R1387E,R1387E,FR1,,2,,0.2395,1.0,1009.0769230769231,0.0,-287.6482121394231,1009.0769230769231,0.72
R1387E,R1387E,catFR1,,0,,0.23245,1.0,1007.8461538461538,0.0,-286.41744290865387,1007.8461538461538,0.72
R1387E,R1387E,catFR1,,1,,0.2472,1.0,1005.3076923076923,0.0,-283.8789813701923,1005.3076923076923,0.72
R1388T,R1388T,catFR1,,0,,0.64,1.0,1007.2857142857143,0.0,-285.8570033482143,1007.2857142857143,0.72
R1388T,R1388T,catFR1,,1,,0.6568,1.0,1005.6666666666666,0.0,-284.2379557291667,1005.6666666666666,0.72
R1389J,R1389J,catFR1,,0,,0.0,1.0,1007.7692307692307,0.0,-507.7692307692308,1007.7692307692307,0.5
R1389J,R1389J,catFR1,,1,,0.0,1.0,1007.6923076923077,0.0,-507.6923076923077,1007.6923076923077,0.5
R1389J,R1389J,catFR1,,2,,0.0,1.0,1003.9230769230769,0.0,-503.9230769230769,1003.9230769230769,0.5
R1389J,R1389J,catFR1,,3,,0.0,1.0,1006.6153846153846,0.0,-506.61538461538464,1006.6153846153846,0.5
R1390M,R1390M,FR1,,1,,0.6224000000000001,1.0,1007.7692307692307,0.0,-286.3405198317308,1007.7692307692307,0.72
R1390M,R1390M,catFR1,,0,,0.5754,1.0,1005.2307692307693,0.0,-283.8020582932692,1005.2307692307693,0.72
R1390M,R1390M,catFR1,,1,,0.6394,1.0,1002.7692307692307,0.0,-281.3405198317308,1002.7692307692307,0.72
R1390M,R1390M,catFR1,,2,,0.6363000000000001,1.0,1011.6153846153846,0.0,-290.18667367788464,1011.6153846153846,0.72
R1390M,R1390M,catFR1,,3,,0.64325,1.0,1006.3846153846154,0.0,-284.95590444711536,1006.3846153846154,0.72
R1391T,R1391T,FR1,,0,,0.59065,1.0,1006.4615384615385,0.0,-285.03282752403845,1006.4615384615385,0.72
R1391T,R1391T,FR1,,1,,0.6265499999999999,1.0,1006.4615384615385,0.0,-285.03282752403845,1006.4615384615385,0.72
R1391T,R1391T,FR1,,2,,0.63825,1.0,1014.0769230769231,0.0,-292.6482121394231,1014.0769230769231,0.72
R1391T,R1391T,catFR1,,0,,0.63735,1.0,1010.3846153846154,0.0,-288.95590444711536,1010.3846153846154,0.72
R1391T,R1391T,catFR1,,1,,0.6353,1.0,1010.3076923076923,0.0,-288.8789813701923,1010.3076923076923,0.72
R1393T,R1393T,FR1,,0,,0.61915,1.0,1005.0,0.0,-283.5712890625,1005.0,0.72
R1393T,R1393T,catFR1,,0,,0.61595,1.0,1010.3846153846154,0.0,-288.95590444711536,1010.3846153846154,0.72
R1393T,R1393T,catFR1,,1,,0.6436999999999999,1.0,1007.6153846153846,0.0,-286.18667367788464,1007.6153846153846,0.72
R1393T,R1393T,catFR1,,2,,0.6307,1.0,1008.9230769230769,0.0,-287.4943659855769,1008.9230769230769,0.72
R1394E,R1394E,FR1,,0,,0.24145,1.0,1008.0,0.0,-286.5712890625,1008.0,0.72
R1394E,R1394E_1,FR1,,1,1.0,0.24365,1.0,1006.3846153846154,0.0,-284.95590444711536,1006.3846153846154,0.72
R1394E,R1394E_1,catFR1,,1,1.0,0.23970000000000002,1.0,1004.0,0.0,-282.5712890625,1004.0,0.72
R1394E,R1394E_1,catFR1,,2,2.0,0.24705,1.0,1003.8461538461538,0.0,-282.41744290865387,1003.8461538461538,0.72
R1395M,R1395M,FR1,,0,,0.63165,1.0,1010.3076923076923,0.0,-288.8789813701923,1010.3076923076923,0.72
R1395M,R1395M,FR1,,1,,0.0,1.0,1006.6153846153846,0.0,-506.61538461538464,1006.6153846153846,0.5
R1395M,R1395M,FR1,,2,,0.0,1.0,1003.9230769230769,0.0,-503.9230769230769,1003.9230769230769,0.5
R1395M,R1395M,FR1,,3,,0.0,1.0,1007.7692307692307,0.0,-507.7692307692308,1007.7692307692307,0.5
R1395M,R1395M,FR1,,4,,0.0,1.0,1003.8461538461538,0.0,-503.84615384615387,1003.8461538461538,0.5
R1395M,R1395M,FR1,,5,,0.0,1.0,1008.0769230769231,0.0,-508.0769230769231,1008.0769230769231,0.5
R1395M,R1395M,catFR1,,0,,0.0,1.0,1010.3076923076923,0.0,-510.3076923076923,1010.3076923076923,0.5
R1395M,R1395M,catFR1,,1,,0.0,1.0,1006.7692307692307,0.0,-506.7692307692308,1006.7692307692307,0.5
R1395M,R1395M,catFR1,,2,,0.0,1.0,1005.2307692307693,0.0,-505.2307692307692,1005.2307692307693,0.5
R1395M,R1395M,catFR1,,3,,0.0,1.0,1006.3076923076923,0.0,-506.3076923076923,1006.3076923076923,0.5
R1395M,R1395M,catFR1,,4,,0.0,1.0,1011.5384615384615,0.0,-511.53846153846155,1011.5384615384615,0.5
R1395M,R1395M,catFR1,,5,,0.0,1.0,1007.4615384615385,0.0,-507.46153846153845,1007.4615384615385,0.5
R1395M,R1395M,catFR1,,6,,0.0,1.0,1009.0769230769231,0.0,-509.0769230769231,1009.0769230769231,0.5
R1396T,R1396T,FR1,,0,,0.6289,1.0,1011.5384615384615,0.0,-290.10975060096155,1011.5384615384615,0.72
R1396T,R1396T,FR1,,1,,0.0,1.0,1007.9230769230769,0.0,-507.9230769230769,1007.9230769230769,0.5
R1396T,R1396T,catFR1,,0,,0.0,1.0,1006.4615384615385,0.0,-506.46153846153845,1006.4615384615385,0.5
R1397D,R1397D,FR1,,0,,0.0,1.0,1006.4615384615385,0.0,-506.46153846153845,1006.4615384615385,0.5
R1397D,R1397D,FR1,,1,,0.0001,1.0,1005.3076923076923,0.0,-505.3076923076923,1005.3076923076923,0.5
R1397D,R1397D,FR6,,0,,0.0,6.0,1005.8461538461538,0.0,-505.84615384615387,1005.8461538461538,0.5
R1397D,R1397D,catFR1,,1,,0.0,1.0,1007.7692307692307,0.0,-507.7692307692308,1007.7692307692307,0.5
R1397D,R1397D,catFR1,,3,,0.0,1.0,1010.2307692307693,0.0,-510.2307692307692,1010.2307692307693,0.5
R1398J,R1398J,FR1,,1,,0.0,1.0,1005.1538461538462,0.0,-505.15384615384613,1005.1538461538462,0.5
R1398J,R1398J,FR1,,3,,0.0,1.0,1007.8461538461538,0.0,-507.84615384615387,1007.8461538461538,0.5
R1398J,R1398J,catFR1,,0,,0.0,1.0,1005.3076923076923,0.0,-505.3076923076923,1005.3076923076923,0.5
R1398J,R1398J,catFR1,,1,,0.0,1.0,1010.0769230769231,0.0,-510.0769230769231,1010.0769230769231,0.5
R1400N,R1400N,catFR1,CatFR1,0,,0.0,1.0,1002.6153846153846,0.0,-502.61538461538464,1002.6153846153846,0.5
R1400N,R1400N,catFR1,CatFR1,1,,0.0,1.0,1006.6923076923077,0.0,-506.6923076923077,1006.6923076923077,0.5
R1400N,R1400N,catFR1,CatFR1,2,,0.0,1.0,1006.6153846153846,0.0,-506.61538461538464,1006.6153846153846,0.5
R1400N,R1400N,catFR1,CatFR1,3,,0.0,1.0,1006.3076923076923,0.0,-506.3076923076923,1006.3076923076923,0.5
R1400N,R1400N,catFR6,CatFR6,2,,0.0,6.0,1005.3846153846154,0.0,-505.38461538461536,1005.3846153846154,0.5
R1400N,R1400N,catFR6,CatFR6,3,,0.0,6.0,1005.6666666666666,0.0,-505.6666666666667,1005.6666666666666,0.5
R1400N,R1400N,catFR6,CatFR6,7,,0.0061,6.0,1007.1428571428571,0.0,-507.14285714285717,1007.1428571428571,0.5
R1400N,R1400N,catFR6,CatFR6,8,,0.0,6.0,1006.6,0.0,-506.6,1006.6,0.5
R1401J,R1401J,FR1,,0,,0.0,1.0,1009.2307692307693,0.0,-509.2307692307692,1009.2307692307693,0.5
R1401J,R1401J,catFR1,,0,,0.0,1.0,1005.3076923076923,0.0,-505.3076923076923,1005.3076923076923,0.5
R1401J,R1401J,catFR1,,1,,0.0,1.0,1002.7692307692307,0.0,-502.7692307692308,1002.7692307692307,0.5
R1401J,R1401J,catFR1,,2,,0.0,1.0,1001.3076923076923,0.0,-501.3076923076923,1001.3076923076923,0.5
R1402E,R1402E,FR1,,0,,0.2405,1.0,1005.3076923076923,0.0,-283.8789813701923,1005.3076923076923,0.72
R1403N,R1403N,catFR1,CatFR1,0,,0.0,1.0,1007.8461538461538,0.0,-507.84615384615387,1007.8461538461538,0.5
R1403N,R1403N,catFR1,CatFR1,1,,0.0,1.0,1007.6363636363636,0.0,-507.6363636363636,1007.6363636363636,0.5
R1403N,R1403N,catFR1,CatFR1,2,,0.0,1.0,1006.6923076923077,0.0,-506.6923076923077,1006.6923076923077,0.5
R1403N,R1403N,catFR1,CatFR1,4,,0.0,1.0,1005.1538461538462,0.0,-505.15384615384613,1005.1538461538462,0.5
R1403N,R1403N,catFR6,CatFR6,0,,0.0,6.0,1007.7692307692307,0.0,-507.7692307692308,1007.7692307692307,0.5
R1404E,R1404E,FR1,,0,,0.0,1.0,1007.7692307692307,0.0,-507.7692307692308,1007.7692307692307,0.5
R1404E,R1404E,FR1,,1,,0.0,1.0,1003.8461538461538,0.0,-503.84615384615387,1003.8461538461538,0.5
R1404E,R1404E,catFR1,,0,,0.2476,1.0,1007.8461538461538,0.0,-286.41744290865387,1007.8461538461538,0.72
R1404E,R1404E,catFR1,,1,,0.0,1.0,1005.3076923076923,0.0,-505.3076923076923,1005.3076923076923,0.5
R1404E,R1404E,catFR6,CatFR6,0,,0.0,6.0,1008.4230769230769,0.0,-508.4230769230769,1008.4230769230769,0.5
R1405E,R1405E,FR1,,0,,0.0,1.0,1007.7692307692307,0.0,-507.7692307692308,1007.7692307692307,0.5
R1405E,R1405E,catFR1,,0,,0.0,1.0,1005.0769230769231,0.0,-505.0769230769231,1005.0769230769231,0.5
R1405E,R1405E,catFR1,,1,,0.0,1.0,1008.9230769230769,0.0,-508.9230769230769,1008.9230769230769,0.5
R1405E,R1405E_1,FR1,,1,,0.0,1.0,1004.0769230769231,0.0,-504.0769230769231,1004.0769230769231,0.5
R1405E,R1405E_1,catFR1,,2,,0.0,1.0,1012.9230769230769,0.0,-512.9230769230769,1012.9230769230769,0.5
R1406M,R1406M,FR1,,3,,0.0,1.0,1010.3846153846154,0.0,-510.38461538461536,1010.3846153846154,0.5
R1406M,R1406M,FR1,,4,,0.0,1.0,1005.4615384615385,0.0,-505.46153846153845,1005.4615384615385,0.5
R1406M,R1406M,catFR1,,1,,0.0,1.0,1009.1538461538462,0.0,-509.15384615384613,1009.1538461538462,0.5
R1406M,R1406M,catFR1,,2,,0.0,1.0,1010.0,0.0,-510.0,1010.0,0.5
R1406M,R1406M,catFR1,,3,,0.0,1.0,1004.0,0.0,-504.0,1004.0,0.5
R1408N,R1408N,catFR1,CatFR1,0,,0.0,1.0,1006.4615384615385,0.0,-506.46153846153845,1006.4615384615385,0.5
R1408N,R1408N,catFR1,CatFR1,1,,0.0,1.0,1008.8076923076923,0.0,-508.8076923076923,1008.8076923076923,0.5
R1409D,R1409D,FR1,,1,,0.0,1.0,1004.0,0.0,-504.0,1004.0,0.5
R1409D,R1409D,FR1,,2,,0.0,1.0,1002.6153846153846,0.0,-502.61538461538464,1002.6153846153846,0.5
R1409D,R1409D,FR6,,0,,0.0,6.0,1005.2692307692307,0.0,-505.2692307692308,1005.2692307692307,0.5
R1409D,R1409D,FR6,,2,,0.0,6.0,1008.3461538461538,0.0,-508.34615384615387,1008.3461538461538,0.5
R1409D,R1409D,FR6,,3,,0.0,6.0,1004.4615384615385,0.0,-504.46153846153845,1004.4615384615385,0.5
R1409D,R1409D,FR6,,9,,0.0,6.0,1009.35,0.0,-509.35,1009.35,0.5
R1409D,R1409D,catFR1,,1,,0.0,1.0,1009.0,0.0,-509.0,1009.0,0.5
R1409D,R1409D,catFR1,,2,,0.0,1.0,1006.1538461538462,0.0,-506.15384615384613,1006.1538461538462,0.5
R1409D,R1409D,catFR1,,3,,0.0,1.0,1003.7692307692307,0.0,-503.7692307692308,1003.7692307692307,0.5
R1409D,R1409D,catFR6,,0,,0.0,6.0,1005.6923076923077,0.0,-505.6923076923077,1005.6923076923077,0.5
R1412M,R1412M,FR1,,1,,0.0,1.0,1006.5384615384615,0.0,-506.53846153846155,1006.5384615384615,0.5
R1412M,R1412M,catFR1,,0,,0.0,1.0,1010.3076923076923,0.0,-510.3076923076923,1010.3076923076923,0.5
R1412M,R1412M,catFR1,,1,,0.0,1.0,1002.8333333333334,0.0,-502.8333333333333,1002.8333333333334,0.5
R1412M,R1412M,catFR1,,2,,0.0,1.0,1005.2307692307693,0.0,-505.2307692307692,1005.2307692307693,0.5
R1414E,R1414E,FR1,,0,,0.0,1.0,1007.7692307692307,0.0,-507.7692307692308,1007.7692307692307,0.5
R1414E,R1414E,catFR1,,0,,0.0,1.0,1006.2307692307693,0.0,-506.2307692307692,1006.2307692307693,0.5
R1415T,R1415T,FR1,,1,,0.0,1.0,1005.0,0.0,-505.0,1005.0,0.5
R1415T,R1415T,catFR1,,0,,0.0,1.0,1009.1538461538462,0.0,-509.15384615384613,1009.1538461538462,0.5
R1416T,R1416T,FR1,,0,,0.0,1.0,1006.5384615384615,0.0,-506.53846153846155,1006.5384615384615,0.5
R1416T,R1416T,FR1,,1,,0.0,1.0,1011.5384615384615,0.0,-511.53846153846155,1011.5384615384615,0.5
R1420T,R1420T,FR1,,0,,0.0,1.0,1007.4615384615385,0.0,-507.46153846153845,1007.4615384615385,0.5
R1420T,R1420T,FR1,,1,,0.0,1.0,1006.4615384615385,0.0,-506.46153846153845,1006.4615384615385,0.5
R1420T,R1420T,catFR1,,0,,0.0,1.0,1003.9230769230769,0.0,-503.9230769230769,1003.9230769230769,0.5
R1421M,R1421M,FR1,,0,,0.0,1.0,1004.0,0.0,-504.0,1004.0,0.5
R1421M,R1421M,catFR1,,0,,0.0,1.0,1005.2307692307693,0.0,-505.2307692307692,1005.2307692307693,0.5
R1421M,R1421M,catFR1,,1,,0.0,1.0,1004.0,0.0,-504.0,1004.0,0.5
R1422T,R1422T,catFR1,,0,,0.0,1.0,1004.0,0.0,-504.0,1004.0,0.5
R1423E,R1423E,FR1,,0,,0.0,1.0,1012.9230769230769,0.0,-512.9230769230769,1012.9230769230769,0.5
R1423E,R1423E,catFR1,,0,,0.0,1.0,1007.3076923076923,0.0,-507.3076923076923,1007.3076923076923,0.5
R1425D,R1425D,TICL_FR,,0,,0.0,6.0,1007.3076923076923,0.0,-507.3076923076923,1007.3076923076923,0.5
R1425D,R1425D,TICL_FR,,3,,0.0,6.0,1007.4666666666667,0.0,-507.46666666666664,1007.4666666666667,0.5
R1425D,R1425D,TICL_FR,,7,,0.0,6.0,1007.7307692307693,0.0,-507.7307692307692,1007.7307692307693,0.5
R1426N,R1426N,catFR1,,0,,0.0,1.0,1007.4615384615385,0.0,-507.46153846153845,1007.4615384615385,0.5
R1426N,R1426N,catFR1,,1,,0.0,1.0,1005.6666666666666,0.0,-505.6666666666667,1005.6666666666666,0.5
R1427T,R1427T,FR1,,0,,0.0,1.0,1003.9230769230769,0.0,-503.9230769230769,1003.9230769230769,0.5
R1427T,R1427T,FR1,,1,,0.0,1.0,1004.0769230769231,0.0,-504.0769230769231,1004.0769230769231,0.5
R1427T,R1427T,FR1,,2,,0.0,1.0,1008.8461538461538,0.0,-508.84615384615387,1008.8461538461538,0.5
R1427T,R1427T,TICL_FR,,0,,0.0,6.0,1005.4615384615385,0.0,-505.46153846153845,1005.4615384615385,0.5
R1427T,R1427T,catFR1,,0,,0.0,1.0,1006.4615384615385,0.0,-506.46153846153845,1006.4615384615385,0.5
R1428T,R1428T,FR1,,0,,0.0,1.0,1007.4615384615385,0.0,-507.46153846153845,1007.4615384615385,0.5
R1431J,R1431J,FR1,,0,,0.0,1.0,1006.4615384615385,0.0,-506.46153846153845,1006.4615384615385,0.5
R1433E,R1433E,FR1,,0,,0.0,1.0,1008.9230769230769,0.0,-508.9230769230769,1008.9230769230769,0.5
R1433E,R1433E,catFR1,,0,,0.0,1.0,1010.0769230769231,0.0,-510.0769230769231,1010.0769230769231,0.5
R1436J,R1436J,FR1,,1,,0.0,1.0,1006.5384615384615,0.0,-506.53846153846155,1006.5384615384615,0.5
R1436J,R1436J,catFR1,,6,,0.0,1.0,1011.3076923076923,0.0,-511.3076923076923,1011.3076923076923,0.5
R1438M,R1438M,FR1,,1,,0.0,1.0,1004.0,0.0,-504.0,1004.0,0.5
R1441T,R1441T,FR1,,0,,0.0,1.0,1010.3846153846154,0.0,-510.38461538461536,1010.3846153846154,0.5
R1441T,R1441T,FR1,,1,,0.0,1.0,1006.8461538461538,0.0,-506.84615384615387,1006.8461538461538,0.5
R1441T,R1441T,FR1,,2,,0.0,1.0,1008.7692307692307,0.0,-508.7692307692308,1008.7692307692307,0.5
R1441T,R1441T,catFR1,,0,,0.0,1.0,1005.3846153846154,0.0,-505.38461538461536,1005.3846153846154,0.5
R1441T,R1441T,catFR1,,1,,0.0,1.0,1010.0769230769231,0.0,-510.0769230769231,1010.0769230769231,0.5
R1443D,R1443D,FR1,,4,,0.0,1.0,1008.9230769230769,0.0,-508.9230769230769,1008.9230769230769,0.5
R1443D,R1443D,FR1,,5,,0.0,1.0,1002.8461538461538,0.0,-502.84615384615387,1002.8461538461538,0.5
R1443D,R1443D,catFR1,,2,,0.0,1.0,1005.5384615384615,0.0,-505.53846153846155,1005.5384615384615,0.5
R1444D,R1444D,TICL_catFR,TICL_CatFR,1,,0.0,6.0,1007.8846153846154,0.0,-507.88461538461536,1007.8846153846154,0.5
R1444D,R1444D,TICL_catFR,TICL_CatFR,2,,0.0,6.0,1007.3333333333334,0.0,-507.3333333333333,1007.3333333333334,0.5
R1444D,R1444D,TICL_catFR,TICL_CatFR,3,,0.0,6.0,1005.5769230769231,0.0,-505.5769230769231,1005.5769230769231,0.5
R1444D,R1444D,catFR1,,1,,0.0,1.0,1006.5384615384615,0.0,-506.53846153846155,1006.5384615384615,0.5
R1444D,R1444D,catFR1,,2,,0.0,1.0,1003.8461538461538,0.0,-503.84615384615387,1003.8461538461538,0.5
R1444D,R1444D,catFR1,,3,,0.0,1.0,1004.5384615384615,0.0,-504.53846153846155,1004.5384615384615,0.5
R1445E,R1445E,catFR1,,0,,0.0,1.0,1006.4615384615385,0.0,-506.46153846153845,1006.4615384615385,0.5
R1446T,R1446T,FR1,,0,,0.0,1.0,1008.8461538461538,0.0,-508.84615384615387,1008.8461538461538,0.5
R1447M,R1447M,FR1,,1,,0.0,1.0,1006.25,0.0,-506.25,1006.25,0.5
R1447M,R1447M,catFR1,,0,,0.0,1.0,1006.7,0.0,-506.7,1006.7,0.5
R1448T,R1448T,FR1,,0,,0.0,1.0,1009.9230769230769,0.0,-509.9230769230769,1009.9230769230769,0.5
R1448T,R1448T,catFR1,,0,,0.0,1.0,1011.2307692307693,0.0,-511.2307692307692,1011.2307692307693,0.5
R1449T,R1449T,FR1,,0,,0.0,1.0,1005.2307692307693,0.0,-505.2307692307692,1005.2307692307693,0.5
R1449T,R1449T,FR1,,1,,0.0,1.0,1004.0,0.0,-504.0,1004.0,0.5
R1449T,R1449T,catFR1,,0,,0.0,1.0,1012.7692307692307,0.0,-512.7692307692307,1012.7692307692307,0.5
R1449T,R1449T,catFR1,,1,,0.0,1.0,1003.9230769230769,0.0,-503.9230769230769,1003.9230769230769,0.5
R1450D,R1450D,TICL_catFR,TICL_CatFR,1,,0.0,6.0,1004.8181818181819,0.0,-504.8181818181818,1004.8181818181819,0.5
R1450D,R1450D,catFR1,,1,,0.0,1.0,1012.6923076923077,0.0,-512.6923076923077,1012.6923076923077,0.5
R1450D,R1450D,catFR1,,3,,0.0,1.0,1011.3076923076923,0.0,-511.3076923076923,1011.3076923076923,0.5
R1450D,R1450D,catFR1,,4,,0.0,1.0,1005.2307692307693,0.0,-505.2307692307692,1005.2307692307693,0.5
R1454M,R1454M,FR1,,0,,0.0,1.0,1005.3076923076923,0.0,-505.3076923076923,1005.3076923076923,0.5
R1454M,R1454M,catFR1,,0,,0.0,1.0,1005.2307692307693,0.0,-505.2307692307692,1005.2307692307693,0.5
R1456D,R1456D,catFR1,,0,,0.0,1.0,1007.7692307692307,0.0,-507.7692307692308,1007.7692307692307,0.5
R1456D,R1456D,catFR1,,1,,0.0,1.0,1006.8461538461538,0.0,-506.84615384615387,1006.8461538461538,0.5
R1456D,R1456D,catFR1,,2,,0.0,1.0,1007.5384615384615,0.0,-507.53846153846155,1007.5384615384615,0.5
R1456D,R1456D,catFR1,,3,,0.0,1.0,1007.7692307692307,0.0,-507.7692307692308,1007.7692307692307,0.5
R1456D,R1456D,catFR6,CatFR6,0,,0.0,6.0,1008.6538461538462,0.0,-508.65384615384613,1008.6538461538462,0.5
R1457T,R1457T,FR1,,0,,0.0,1.0,1004.3076923076923,0.0,-504.3076923076923,1004.3076923076923,0.5
R1457T,R1457T,FR1,,1,,0.0,1.0,1009.0769230769231,0.0,-509.0769230769231,1009.0769230769231,0.5
R1457T,R1457T,catFR1,,0,,0.0,1.0,1004.0769230769231,0.0,-504.0769230769231,1004.0769230769231,0.5
R1459M,R1459M,FR1,,0,,0.0,1.0,1010.2307692307693,0.0,-510.2307692307692,1010.2307692307693,0.5
R1459M,R1459M,FR1,,6,,0.0,1.0,1005.6666666666666,0.0,-505.6666666666667,1005.6666666666666,0.5
R1459M,R1459M,catFR1,,1,,0.0,1.0,1006.1818181818181,0.0,-506.1818181818182,1006.1818181818181,0.5
R1460M,R1460M,FR1,,0,,0.0,1.0,1009.6153846153846,0.0,-509.61538461538464,1009.6153846153846,0.5
R1461T,R1461T,FR1,,0,,0.0,1.0,1007.1428571428571,0.0,-507.14285714285717,1007.1428571428571,0.5
R1461T,R1461T,catFR1,,0,,0.0,1.0,1007.8461538461538,0.0,-507.84615384615387,1007.8461538461538,0.5
R1461T,R1461T,catFR1,,1,,0.0,1.0,1004.8181818181819,0.0,-504.8181818181818,1004.8181818181819,0.5
R1461T,R1461T,catFR6,,1,,0.0,6.0,1007.6923076923077,0.0,-507.6923076923077,1007.6923076923077,0.5
R1461T,R1461T,catFR6,,2,,0.0,6.0,1007.3461538461538,0.0,-507.34615384615387,1007.3461538461538,0.5
R1461T,R1461T,catFR6,,3,,0.0,6.0,1009.5,0.0,-509.5,1009.5,0.5
R1462M,R1462M,FR1,,0,,0.0,1.0,1005.3846153846154,0.0,-505.38461538461536,1005.3846153846154,0.5
R1462M,R1462M,catFR1,,0,,0.0,1.0,1005.1538461538462,0.0,-505.15384615384613,1005.1538461538462,0.5
R1463E,R1463E,FR6,,0,,0.0,6.0,1008.9230769230769,0.0,-508.9230769230769,1008.9230769230769,0.5
R1463E,R1463E_1,FR1,,0,0.0,0.0,1.0,1004.0769230769231,0.0,-504.0769230769231,1004.0769230769231,0.5
R1463E,R1463E_1,FR1,,1,1.0,0.0,1.0,1006.3076923076923,0.0,-506.3076923076923,1006.3076923076923,0.5
R1463E,R1463E_1,FR6,,1,1.0,0.0,6.0,1006.9,0.0,-506.9,1006.9,0.5
R1463E,R1463E_1,catFR1,,0,0.0,0.0,1.0,1013.9230769230769,0.0,-513.9230769230769,1013.9230769230769,0.5
R1463E,R1463E_1,catFR1,,1,1.0,0.0,1.0,1007.6923076923077,0.0,-507.6923076923077,1007.6923076923077,0.5
R1463E,R1463E_1,catFR6,,1,1.0,0.0,6.0,1007.7307692307693,0.0,-507.7307692307692,1007.7307692307693,0.5
R1465D,R1465D,TICL_catFR,TICL_CatFR,1,,0.0,6.0,1008.9230769230769,0.0,-508.9230769230769,1008.9230769230769,0.5
R1465D,R1465D,catFR1,,0,,0.0,1.0,1005.4615384615385,0.0,-505.46153846153845,1005.4615384615385,0.5
R1465D,R1465D,catFR1,,1,,0.0,1.0,1006.3846153846154,0.0,-506.38461538461536,1006.3846153846154,0.5
R1465D,R1465D,catFR1,,2,,0.0,1.0,1006.4615384615385,0.0,-506.46153846153845,1006.4615384615385,0.5
R1465D,R1465D,catFR1,,3,,0.0,1.0,1006.4615384615385,0.0,-506.46153846153845,1006.4615384615385,0.5
R1466J,R1466J,FR1,,0,,0.0,1.0,1006.3076923076923,0.0,-506.3076923076923,1006.3076923076923,0.5
R1466J,R1466J,FR6,,1,,0.0021,6.0,1008.3461538461538,0.0,-508.34615384615387,1008.3461538461538,0.5
R1466J,R1466J,catFR1,,0,,0.0016,1.0,1004.0,0.0,-504.0,1004.0,0.5
R1467M,R1467M,FR1,,0,,0.0,1.0,1007.7692307692307,0.0,-507.7692307692308,1007.7692307692307,0.5
R1467M,R1467M,catFR1,,0,,0.0,1.0,1006.4615384615385,0.0,-506.46153846153845,1006.4615384615385,0.5
R1468J,R1468J,catFR1,,1,,0.0,1.0,1008.3,0.0,-508.3,1008.3,0.5
R1468J,R1468J,catFR1,,2,,0.0,1.0,1008.0,0.0,-508.0,1008.0,0.5
R1468J,R1468J,catFR1,,3,,0.0,1.0,1006.6923076923077,0.0,-506.6923076923077,1006.6923076923077,0.5
R1468J,R1468J,catFR1,,5,,0.0,1.0,1006.6153846153846,0.0,-506.61538461538464,1006.6153846153846,0.5
R1468J,R1468J_1,catFR1,,6,6.0,0.0,1.0,1008.8461538461538,0.0,-508.84615384615387,1008.8461538461538,0.5
R1468J,R1468J_1,catFR1,,7,7.0,0.0,1.0,1009.1538461538462,0.0,-509.15384615384613,1009.1538461538462,0.5
R1468J,R1468J_1,catFR1,,8,8.0,0.0,1.0,1010.3846153846154,0.0,-510.38461538461536,1010.3846153846154,0.5
R1469D,R1469D,catFR1,,1,,0.0,1.0,1005.3846153846154,0.0,-505.38461538461536,1005.3846153846154,0.5
R1469D,R1469D,catFR1,,3,,0.0,1.0,1005.3846153846154,0.0,-505.38461538461536,1005.3846153846154,0.5
R1469D,R1469D,catFR1,,4,,0.0,1.0,1007.0833333333334,0.0,-507.0833333333333,1007.0833333333334,0.5
R1472T,R1472T,catFR1,,0,,0.0,1.0,1007.6923076923077,0.0,-507.6923076923077,1007.6923076923077,0.5
R1472T,R1472T,catFR1,,1,,0.0,1.0,1005.3076923076923,0.0,-505.3076923076923,1005.3076923076923,0.5
R1473J,R1473J,catFR1,,0,,0.0,1.0,1008.0,0.0,-508.0,1008.0,0.5
R1473J,R1473J,catFR1,,2,,0.0,1.0,1009.0,0.0,-509.0,1009.0,0.5
R1474T,R1474T,catFR1,,0,,0.0,1.0,1004.3076923076923,0.0,-504.3076923076923,1004.3076923076923,0.5
R1474T,R1474T,catFR1,,1,,0.0,1.0,1005.4615384615385,0.0,-505.46153846153845,1005.4615384615385,0.5
R1474T,R1474T,catFR1,,2,,0.0,1.0,1007.8461538461538,0.0,-507.84615384615387,1007.8461538461538,0.5
R1474T,R1474T,catFR6,CatFR6,0,,0.0,6.0,1008.4230769230769,0.0,-508.4230769230769,1008.4230769230769,0.5
R1475J,R1475J,PS4_catFR5,PS4_CatFR5,1,1.0,0.0,4.1,1007.9230769230769,0.0,-507.9230769230769,1007.9230769230769,0.5
R1475J,R1475J,catFR1,,0,,0.0,1.0,1012.6923076923077,0.0,-512.6923076923077,1012.6923076923077,0.5
R1475J,R1475J,catFR1,,1,,0.0,1.0,1007.8461538461538,0.0,-507.84615384615387,1007.8461538461538,0.5
R1475J,R1475J,catFR1,,2,,0.0,1.0,1006.5384615384615,0.0,-506.53846153846155,1006.5384615384615,0.5
R1476J,R1476J,PS4_catFR5,PS4_CatFR5,1,1.0,0.0,4.1,1006.5769230769231,0.0,-506.5769230769231,1006.5769230769231,0.5
R1476J,R1476J,PS4_catFR5,PS4_CatFR5,2,2.0,0.0,4.1,1006.6538461538462,0.0,-506.65384615384613,1006.6538461538462,0.5
R1476J,R1476J,PS4_catFR5,PS4_CatFR5,4,4.0,0.0,4.1,1008.2692307692307,0.0,-508.2692307692308,1008.2692307692307,0.5
R1476J,R1476J,catFR1,,0,,0.0,1.0,1012.9230769230769,0.0,-512.9230769230769,1012.9230769230769,0.5
R1476J,R1476J,catFR1,,1,,0.0,1.0,1004.0,0.0,-504.0,1004.0,0.5
R1476J,R1476J,catFR1,,2,,0.0,1.0,1002.7692307692307,0.0,-502.7692307692308,1002.7692307692307,0.5
R1476J,R1476J,catFR1,,3,,0.0,1.0,1003.0769230769231,0.0,-503.0769230769231,1003.0769230769231,0.5
R1476J,R1476J,catFR1,,4,,0.0,1.0,1007.6923076923077,0.0,-507.6923076923077,1007.6923076923077,0.5
R1477J,R1477J,catFR1,,0,,0.0,1.0,1009.0769230769231,0.0,-509.0769230769231,1009.0769230769231,0.5
R1477J,R1477J,catFR1,,1,,0.0,1.0,1005.4615384615385,0.0,-505.46153846153845,1005.4615384615385,0.5
R1477J,R1477J,catFR1,,2,,0.0,1.0,1010.4615384615385,0.0,-510.46153846153845,1010.4615384615385,0.5
R1477J,R1477J,catFR1,,3,,0.0,1.0,1007.8461538461538,0.0,-507.84615384615387,1007.8461538461538,0.5
R1477J,R1477J,catFR1,,4,,0.0,1.0,1007.9230769230769,0.0,-507.9230769230769,1007.9230769230769,0.5
R1477J,R1477J,catFR1,,5,,0.0,1.0,1006.6153846153846,0.0,-506.61538461538464,1006.6153846153846,0.5
R1478T,R1478T,catFR1,,0,,0.0,1.0,1008.25,0.0,-508.25,1008.25,0.5
R1478T,R1478T,catFR1,,1,,0.0,1.0,1007.1666666666666,0.0,-507.1666666666667,1007.1666666666666,0.5
R1482J,R1482J,catFR1,,0,,0.0,1.0,1006.3076923076923,0.0,-506.3076923076923,1006.3076923076923,0.5
R1482J,R1482J,catFR1,,1,,0.0,1.0,1007.8461538461538,0.0,-507.84615384615387,1007.8461538461538,0.5
R1482J,R1482J,catFR1,,2,,0.0,1.0,1010.0,0.0,-510.0,1010.0,0.5
R1484T,R1484T,catFR1,,0,,0.0,1.0,1006.4615384615385,0.0,-506.46153846153845,1006.4615384615385,0.5
R1484T,R1484T,catFR1,,1,,0.0,1.0,1006.4615384615385,0.0,-506.46153846153845,1006.4615384615385,0.5
R1485J,R1485J,catFR1,,0,,0.0,1.0,1005.5384615384615,0.0,-505.53846153846155,1005.5384615384615,0.5
R1485J,R1485J,catFR1,,1,,0.0,1.0,1005.3846153846154,0.0,-505.38461538461536,1005.3846153846154,0.5
R1485J,R1485J,catFR1,,2,,0.0,1.0,1012.9230769230769,0.0,-512.9230769230769,1012.9230769230769,0.5
R1485J,R1485J,catFR1,,3,,0.0,1.0,1012.6153846153846,0.0,-512.6153846153846,1012.6153846153846,0.5
R1486J,R1486J,catFR1,,0,,0.0,1.0,1005.3846153846154,0.0,-505.38461538461536,1005.3846153846154,0.5
R1486J,R1486J,catFR1,,1,,0.0,1.0,1006.6153846153846,0.0,-506.61538461538464,1006.6153846153846,0.5
R1486J,R1486J,catFR1,,2,,0.0,1.0,1007.8461538461538,0.0,-507.84615384615387,1007.8461538461538,0.5
R1486J,R1486J,catFR1,,3,,0.0,1.0,1008.9230769230769,0.0,-508.9230769230769,1008.9230769230769,0.5
R1486J,R1486J_1,catFR1,,4,0.0,0.0,,,,,,
R1486J,R1486J_1,catFR1,,5,1.0,0.0,,,,,,
R1486J,R1486J_1,catFR1,,6,2.0,0.0,,,,,,
R1486J,R1486J_1,catFR1,,7,3.0,0.0,,,,,,
R1487T,R1487T,catFR1,,0,,0.0,1.0,1007.6923076923077,0.0,-507.6923076923077,1007.6923076923077,0.5
R1487T,R1487T,catFR1,,1,,0.0,1.0,1001.6153846153846,0.0,-501.61538461538464,1001.6153846153846,0.5
R1487T,R1487T,catFR1,,2,,0.0,1.0,1005.2307692307693,0.0,-505.2307692307692,1005.2307692307693,0.5
R1488T,R1488T,catFR1,,0,,0.0,1.0,1009.3571428571429,0.0,-509.35714285714283,1009.3571428571429,0.5
R1488T,R1488T,catFR1,,2,,0.0,1.0,1011.3846153846154,0.0,-511.38461538461536,1011.3846153846154,0.5
R1488T,R1488T,catFR1,,3,,0.0,1.0,1009.0769230769231,0.0,-509.0769230769231,1009.0769230769231,0.5
R1489E,R1489E,catFR1,,1,,0.0,1.0,1002.8461538461538,0.0,-502.84615384615387,1002.8461538461538,0.5
R1489E,R1489E,catFR1,,2,,0.0,1.0,1003.0,0.0,-503.0,1003.0,0.5
R1489E,R1489E,catFR1,,3,,0.0,1.0,1007.9230769230769,0.0,-507.9230769230769,1007.9230769230769,0.5
R1489E,R1489E,catFR1,,4,,0.0,1.0,1005.1538461538462,0.0,-505.15384615384613,1005.1538461538462,0.5
R1490T,R1490T,catFR1,,0,,0.0,1.0,1009.1538461538462,0.0,-509.15384615384613,1009.1538461538462,0.5
R1490T,R1490T,catFR1,,1,,0.0,1.0,1005.2307692307693,0.0,-505.2307692307692,1005.2307692307693,0.5
R1490T,R1490T,catFR1,,2,,0.0,1.0,1007.9230769230769,0.0,-507.9230769230769,1007.9230769230769,0.5
R1491T,R1491T,catFR1,,0,,0.0,1.0,1003.9230769230769,0.0,-503.9230769230769,1003.9230769230769,0.5
R1491T,R1491T,catFR1,,1,,0.0,1.0,1016.75,0.0,-516.75,1016.75,0.5
R1491T,R1491T,catFR1,,2,,0.0,1.0,1010.3846153846154,0.0,-510.38461538461536,1010.3846153846154,0.5
R1491T,R1491T,catFR1,,3,,0.0,1.0,1009.4444444444445,0.0,-509.44444444444446,1009.4444444444445,0.5
R1491T,R1491T,catFR1,,4,,0.0,1.0,1007.4615384615385,0.0,-507.46153846153845,1007.4615384615385,0.5
R1491T,R1491T,catFR1,,5,,0.0,1.0,1007.2,0.0,-507.2,1007.2,0.5
R1492J,R1492J,catFR1,,0,,0.0,1.0,1003.9230769230769,0.0,-503.9230769230769,1003.9230769230769,0.5
R1492J,R1492J,catFR1,,1,,0.0,1.0,1006.4615384615385,0.0,-506.46153846153845,1006.4615384615385,0.5
R1492J,R1492J,catFR1,,2,,0.0,1.0,1010.1538461538462,0.0,-510.15384615384613,1010.1538461538462,0.5
R1492J,R1492J,catFR1,,4,,0.0,1.0,1009.0769230769231,0.0,-509.0769230769231,1009.0769230769231,0.5
R1493T,R1493T,catFR1,,0,,0.0,1.0,1019.2307692307693,0.0,-519.2307692307693,1019.2307692307693,0.5
R1493T,R1493T,catFR1,,1,,0.0,1.0,1004.0,0.0,-504.0,1004.0,0.5
R1493T,R1493T,catFR1,,3,,0.0,1.0,1005.1538461538462,0.0,-505.15384615384613,1005.1538461538462,0.5
R1493T,R1493T,catFR1,,4,,0.0,1.0,1005.2307692307693,0.0,-505.2307692307692,1005.2307692307693,0.5
R1493T,R1493T,catFR6,CatFR6,1,,0.0,6.0,1007.8076923076923,0.0,-507.8076923076923,1007.8076923076923,0.5
R1493T,R1493T,catFR6,CatFR6,2,,0.0,6.0,1006.4230769230769,0.0,-506.4230769230769,1006.4230769230769,0.5
R1495J,R1495J,catFR1,,0,,0.0,1.0,1008.0,0.0,-508.0,1008.0,0.5
R1495J,R1495J,catFR1,,1,,0.0005,1.0,1006.6153846153846,0.0,-506.61538461538464,1006.6153846153846,0.5
R1495J,R1495J,catFR1,,2,,0.0,1.0,1010.0,0.0,-510.0,1010.0,0.5
R1495J,R1495J,catFR1,,4,,0.0,1.0,1007.6923076923077,0.0,-507.6923076923077,1007.6923076923077,0.5
R1495J,R1495J,catFR1,,5,,0.0,1.0,1010.3076923076923,0.0,-510.3076923076923,1010.3076923076923,0.5
R1495J,R1495J,catFR1,,6,,0.0,1.0,1007.4615384615385,0.0,-507.46153846153845,1007.4615384615385,0.5
R1495J,R1495J,catFR1,,8,,0.0,1.0,1007.6153846153846,0.0,-507.61538461538464,1007.6153846153846,0.5
R1495J,R1495J,catFR1,,10,,5e-05,1.0,1005.2307692307693,0.0,-505.2307692307692,1005.2307692307693,0.5
R1495J,R1495J,catFR6,CatFR6,0,,0.0,6.0,1009.9615384615385,0.0,-509.96153846153845,1009.9615384615385,0.5
R1495J,R1495J,catFR6,CatFR6,2,,0.0,6.0,1004.6153846153846,0.0,-504.61538461538464,1004.6153846153846,0.5
R1496T,R1496T,catFR1,,0,,0.0,1.0,1002.9230769230769,0.0,-502.9230769230769,1002.9230769230769,0.5
R1496T,R1496T,catFR1,,1,,0.0,1.0,1010.1538461538462,0.0,-510.15384615384613,1010.1538461538462,0.5
R1497T,R1497T,catFR1,,0,,0.0,1.0,1007.8461538461538,0.0,-507.84615384615387,1007.8461538461538,0.5
R1497T,R1497T,catFR1,,1,,0.0,1.0,1005.3076923076923,0.0,-505.3076923076923,1005.3076923076923,0.5
R1497T,R1497T,catFR1,,2,,0.0,1.0,1010.1538461538462,0.0,-510.15384615384613,1010.1538461538462,0.5
R1497T,R1497T,catFR1,,3,,0.0,1.0,1009.1538461538462,0.0,-509.15384615384613,1009.1538461538462,0.5
R1497T,R1497T,catFR1,,4,,0.0,1.0,1009.0,0.0,-509.0,1009.0,0.5
R1497T,R1497T,catFR6,CatFR6,0,,0.0,6.0,1007.7692307692307,0.0,-507.7692307692308,1007.7692307692307,0.5
R1498D,R1498D,catFR1,,1,,0.0,1.0,1002.6923076923077,0.0,-502.6923076923077,1002.6923076923077,0.5
R1498D,R1498D,catFR1,,2,,0.0,1.0,1005.3076923076923,0.0,-505.3076923076923,1005.3076923076923,0.5
R1498D,R1498D,catFR1,,4,,0.0,1.0,1002.0,0.0,-502.0,1002.0,0.5
R1498D,R1498D,catFR1,,5,,0.0,1.0,1002.8461538461538,0.0,-502.84615384615387,1002.8461538461538,0.5
R1499T,R1499T,catFR1,,0,,0.0,1.0,1004.0,0.0,-504.0,1004.0,0.5
R1499T,R1499T,catFR1,,1,,0.0,1.0,1005.0769230769231,0.0,-505.0769230769231,1005.0769230769231,0.5
R1499T,R1499T,catFR1,,2,,0.0,1.0,1005.4615384615385,0.0,-505.46153846153845,1005.4615384615385,0.5
R1499T,R1499T,catFR1,,4,,0.0,1.0,1008.0769230769231,0.0,-508.0769230769231,1008.0769230769231,0.5
R1500T,R1500T,CatFR6,,0,,0.0,6.0,1010.7272727272727,0.0,-510.72727272727275,1010.7272727272727,0.5
R1500T,R1500T,catFR1,,0,,0.0,1.0,1009.1538461538462,0.0,-509.15384615384613,1009.1538461538462,0.5
R1500T,R1500T,catFR1,,1,,0.0,1.0,1005.0769230769231,0.0,-505.0769230769231,1005.0769230769231,0.5
R1500T,R1500T,catFR1,,2,,0.0,1.0,1009.0,0.0,-509.0,1009.0,0.5
R1500T,R1500T,catFR1,,3,,0.0,1.0,1007.6923076923077,0.0,-507.6923076923077,1007.6923076923077,0.5
R1500T,R1500T,catFR6,,0,,0.0,6.0,1010.7272727272727,0.0,-510.72727272727275,1010.7272727272727,0.5
R1500T,R1500T,catFR6,,1,,0.0,6.0,1007.8823529411765,0.0,-507.88235294117646,1007.8823529411765,0.5
R1501J,R1501J,TICL_catFR,TICL_CatFR,0,,0.0,6.0,1007.6153846153846,0.0,-507.61538461538464,1007.6153846153846,0.5
R1501J,R1501J,catFR1,,6,,0.0,1.0,1006.3076923076923,0.0,-506.3076923076923,1006.3076923076923,0.5
R1501J,R1501J,catFR1,,8,,0.0,1.0,1003.9230769230769,0.0,-503.9230769230769,1003.9230769230769,0.5
R1505J,R1505J,catFR1,,0,,0.0,1.0,1006.5384615384615,0.0,-506.53846153846155,1006.5384615384615,0.5
R1505J,R1505J,catFR1,,1,,0.0,1.0,1007.2222222222222,0.0,-507.22222222222223,1007.2222222222222,0.5
R1515T,R1515T,TICL_catFR,TICL_CatFR,0,,0.0,6.0,1007.8846153846154,0.0,-507.88461538461536,1007.8846153846154,0.5
R1515T,R1515T,catFR1,,0,,0.0,1.0,1006.4615384615385,0.0,-506.46153846153845,1006.4615384615385,0.5
R1515T,R1515T,catFR1,,1,,0.0,1.0,1007.9230769230769,0.0,-507.9230769230769,1007.9230769230769,0.5
R1515T,R1515T,catFR1,,2,,0.0,1.0,1007.5384615384615,0.0,-507.53846153846155,1007.5384615384615,0.5
R1515T,R1515T,catFR1,,3,,0.0,1.0,1009.1538461538462,0.0,-509.15384615384613,1009.1538461538462,0.5
R1518T,R1518T,catFR1,,0,,0.0,1.0,1007.7692307692307,0.0,-507.7692307692308,1007.7692307692307,0.5
R1518T,R1518T,catFR1,,1,,0.0,1.0,1005.3846153846154,0.0,-505.38461538461536,1005.3846153846154,0.5
R1518T,R1518T,catFR1,,2,,0.0,1.0,1006.3846153846154,0.0,-506.38461538461536,1006.3846153846154,0.5
R1525J,R1525J,TICL_catFR,TICL_CatFR,1,,0.0,6.1,0.0,,-508.7142857142857,1008.7142857142857,0.5
R1525J,R1525J,catFR1,,0,,0.0497,1.1,0.0,,-9.0,509.0,0.5
R1525J,R1525J,catFR1,,2,,0.0513,1.1,0.0,,-10.076923076923077,510.0769230769231,0.5
R1525J,R1525J,catFR1,,3,,0.050850000000000006,1.1,0.0,,-9.153846153846153,509.15384615384613,0.5
R1525J,R1525J,catFR1,,4,,0.051199999999999996,1.1,0.0,,-2.4285714285714284,502.42857142857144,0.5
R1525J,R1525J,catFR1,,5,,0.0585,1.1,0.0,,-5.461538461538462,505.46153846153845,0.5
R1525J,R1525J,catFR1,,6,,0.054150000000000004,1.1,0.0,,-5.230769230769231,505.2307692307692,0.5
R1526J,R1526J,catFR1,,0,,0.0631,1.1,0.0,,-9.153846153846153,509.15384615384613,0.5
R1527J,R1527J,TICL_catFR,TICL_CatFR,1,,0.0,6.1,0.0,,-505.8076923076923,1005.8076923076923,0.5
R1527J,R1527J,catFR1,,0,,0.05865,1.1,0.0,,-8.0,508.0,0.5
R1527J,R1527J,catFR1,,1,,0.0494,1.1,0.0,,-8.692307692307692,508.6923076923077,0.5
R1527J,R1527J,catFR1,,2,,0.05685,1.1,0.0,,-8.923076923076923,508.9230769230769,0.5
R1527J,R1527J,catFR1,,3,,0.0561,1.1,0.0,,-8.0,508.0,0.5
R1527J,R1527J,catFR1,,4,,0.05265,1.1,0.0,,-5.230769230769231,505.2307692307692,0.5
R1527J,R1527J,catFR1,,5,,0.054,1.1,0.0,,-5.461538461538462,505.46153846153845,0.5
R1530J,R1530J,catFR1,,0,,0.07665,1.1,0.0,,-8.923076923076923,508.9230769230769,0.5
R1530J,R1530J,catFR1,,1,,0.05915,1.1,0.0,,-10.076923076923077,510.0769230769231,0.5
R1530J,R1530J,catFR1,,2,,0.0479,1.1,0.0,,-11.615384615384615,511.61538461538464,0.5
R1530J,R1530J,catFR1,,3,,0.0567,1.1,0.0,,-9.23076923076923,509.2307692307692,0.5
R1530J,R1530J,catFR1,,4,,0.0636,1.1,0.0,,-7.923076923076923,507.9230769230769,0.5
R1530J,R1530J,catFR1,,6,,0.06125,1.1,0.0,,-7.846153846153846,507.84615384615387,0.5
R1532T,R1532T,catFR1,,0,,0.055749999999999994,1.1,0.0,,-11.384615384615385,511.38461538461536,0.5
R1532T,R1532T,catFR1,,1,,0.0586,1.1,0.0,,-10.307692307692308,510.3076923076923,0.5
R1533J,R1533J,catFR1,,0,,0.04505,1.1,0.0,,-10.384615384615385,510.38461538461536,0.5
R1536J,R1536J,TICL_catFR,TICL_CatFR,2,,0.0,6.1,0.0,,-510.11538461538464,1010.1153846153846,0.5
R1536J,R1536J,catFR1,,0,,0.0559,1.1,0.0,,-7.615384615384615,507.61538461538464,0.5
R1536J,R1536J,catFR1,,1,,0.06205,1.1,0.0,,-1.3076923076923077,501.3076923076923,0.5
R1536J,R1536J,catFR1,,2,,0.059649999999999995,1.1,0.0,,-3.769230769230769,503.7692307692308,0.5
R1536J,R1536J,catFR1,,3,,0.04545,1.1,0.0,,-6.6923076923076925,506.6923076923077,0.5
R1537T,R1537T,catFR1,,0,,0.05495,1.1,0.0,,-5.230769230769231,505.2307692307692,0.5
R1541T,R1541T,catFR1,,0,,0.07565,1.1,0.0,,-7.6923076923076925,507.6923076923077,0.5
R1541T,R1541T,catFR1,,1,,0.08325,1.1,0.0,,-5.615384615384615,505.61538461538464,0.5
R1541T,R1541T,catFR1,,2,,0.06585,1.1,0.0,,-9.23076923076923,509.2307692307692,0.5
R1541T,R1541T,catFR1,,3,,0.06509999999999999,1.1,0.0,,-7.615384615384615,507.61538461538464,0.5
R1541T,R1541T,catFR1,,4,,0.06555,1.1,0.0,,-8.923076923076923,508.9230769230769,0.5
R1541T,R1541T,catFR1,,6,,0.08195,1.1,0.0,,-9.923076923076923,509.9230769230769,0.5
R1542J,R1542J,FR1,,0,,0.053250000000000006,1.1,0.0,,-7.923076923076923,507.9230769230769,0.5
R1542J,R1542J,FR1,,1,,0.0656,1.1,0.0,,-6.6923076923076925,506.6923076923077,0.5
R1542J,R1542J,FR1,,2,,0.04975,1.1,0.0,,-8.923076923076923,508.9230769230769,0.5
R1542J,R1542J,FR1,,3,,0.05455,1.1,0.0,,-9.076923076923077,509.0769230769231,0.5
R1542J,R1542J,FR1,,4,,0.05585,1.1,0.0,,-11.846153846153847,511.84615384615387,0.5
R1542J,R1542J,FR1,,5,,0.05105,1.1,0.0,,-9.076923076923077,509.0769230769231,0.5
R1542J,R1542J,TICL_FR,,0,,0.0,6.1,0.0,,-507.15384615384613,1007.1538461538462,0.5
R1542J,R1542J,TICL_FR,,1,,0.0,6.1,0.0,,-508.25,1008.25,0.5
R1542J,R1542J,TICL_FR,,2,,0.0,6.1,0.0,,-505.5,1005.5,0.5
R1542J,R1542J,catFR1,,0,,0.053500000000000006,1.1,0.0,,-8.923076923076923,508.9230769230769,0.5
R1542J,R1542J,catFR1,,1,,0.04985,1.1,0.0,,-8.846153846153847,508.84615384615387,0.5
R1616S,R1616S,catFR1,,0,,0.0,1.0,1005.3076923076923,0.0,-505.3076923076923,1005.3076923076923,0.5
R1616S,R1616S,catFR1,,1,,0.0,1.0,1005.3846153846154,0.0,-505.38461538461536,1005.3846153846154,0.5
R1616S,R1616S,catFR1,,2,,0.0,1.0,1007.9230769230769,0.0,-507.9230769230769,1007.9230769230769,0.5
R1616S,R1616S,catFR1,,3,,0.0,1.0,1009.3076923076923,0.0,-509.3076923076923,1009.3076923076923,0.5
R1616S,R1616S,catFR1,,4,,0.0,1.0,1002.6923076923077,0.0,-502.6923076923077,1002.6923076923077,0.5
R1616S,R1616S,catFR1,,5,,0.0,1.0,1006.6153846153846,0.0,-506.61538461538464,1006.6153846153846,0.5
R1616S,R1616S,catFR6,,0,,0.0,6.0,1005.1153846153846,0.0,-505.11538461538464,1005.1153846153846,0.5
R1617S,R1617S,catFR1,,3,,0.0,1.0,1006.4615384615385,0.0,-506.46153846153845,1006.4615384615385,0.5
R1617S,R1617S,catFR1,,4,,0.0,1.0,1003.9230769230769,0.0,-503.9230769230769,1003.9230769230769,0.5
R1617S,R1617S,catFR1,,5,,0.0,1.0,1005.2307692307693,0.0,-505.2307692307692,1005.2307692307693,0.5
R1617S,R1617S,catFR1,,6,,0.0,1.0,1005.5384615384615,0.0,-505.53846153846155,1005.5384615384615,0.5
R1617S,R1617S,catFR1,,7,,0.0,1.0,1008.9230769230769,0.0,-508.9230769230769,1008.9230769230769,0.5
R1617S,R1617S,catFR6,,0,,0.0,6.0,1006.05,0.0,-506.05,1006.05,0.5
R1617S,R1617S,catFR6,,1,,0.0,6.0,1006.8,0.0,-506.8,1006.8,0.5
R1617S,R1617S,catFR6,,2,,0.0,6.0,1003.5,0.0,-503.5,1003.5,0.5
R1617S,R1617S,catFR6,,3,,0.0,6.0,1005.1923076923077,0.0,-505.1923076923077,1005.1923076923077,0.5
R1617S,R1617S,catFR6,,4,,0.0,6.0,1004.6923076923077,0.0,-504.6923076923077,1004.6923076923077,0.5
R1617S,R1617S,catFR6,,6,,0.0,6.0,1006.3846153846154,0.0,-506.38461538461536,1006.3846153846154,0.5
R1617S,R1617S,catFR6,,7,,0.0,6.0,1007.8846153846154,0.0,-507.88461538461536,1007.8846153846154,0.5
R1617S,R1617S,catFR6,,8,,0.0,6.0,1005.2307692307693,0.0,-505.2307692307692,1005.2307692307693,0.5
R1626S,R1626S,catFR1,,0,,0.0,1.1,0.0,,-506.46153846153845,1006.4615384615385,0.5
R1626S,R1626S,catFR1,,2,,0.0,1.1,0.0,,-506.38461538461536,1006.3846153846154,0.5
R1626S,R1626S,catFR1,,3,,0.0,1.1,0.0,,-505.38461538461536,1005.3846153846154,0.5
R1626S,R1626S,catFR1,,4,,0.0,1.1,0.0,,-509.15384615384613,1009.1538461538462,0.5
R1626S,R1626S,catFR1,,6,,0.0,1.1,0.0,,-504.15384615384613,1004.1538461538462,0.5
R1626S,R1626S,catFR1,,7,,0.0,1.1,0.0,,-502.6666666666667,1002.6666666666666,0.5
R1626S,R1626S,catFR1,,8,,0.0,1.1,0.0,,-506.8,1006.8,0.5
R1627T,R1627T,catFR1,,0,,0.0,1.1,0.0,,-509.0769230769231,1009.0769230769231,0.5
R1627T,R1627T,catFR1,,1,,0.0,1.1,0.0,,-507.2857142857143,1007.2857142857143,0.5
R1635T,R1635T,catFR1,,1,,0.0,1.1,0.0,,-508.9230769230769,1008.9230769230769,0.5
R1635T,R1635T,catFR1,,2,,0.0,1.1,0.0,,-511.61538461538464,1011.6153846153846,0.5
R1635T,R1635T,catFR1,,4,,0.0,1.1,0.0,,-510.2307692307692,1010.2307692307693,0.5
R1637T,R1637T,catFR1,,0,,0.0,1.1,0.0,,-509.0,1009.0,0.5
R1640T,R1640T,catFR1,,0,,0.001,1.1,0.0,,-509.42857142857144,1009.4285714285714,0.5
R1640T,R1640T,catFR1,,1,,0.0,1.1,0.0,,-506.3076923076923,1006.3076923076923,0.5
R1640T,R1640T,catFR1,,2,,0.0,1.1,0.0,,-510.3076923076923,1010.3076923076923,0.5
R1642J,R1642J,catFR1,,0,,0.0,1.1,0.0,,-503.9230769230769,1003.9230769230769,0.5
R1642J,R1642J,catFR1,,1,,0.0,1.1,0.0,,-502.7692307692308,1002.7692307692307,0.5
R1642J,R1642J,catFR1,,2,,0.0,1.1,0.0,,-502.84615384615387,1002.8461538461538,0.5
R1642J,R1642J,catFR1,,3,,0.0,1.1,0.0,,-503.46153846153845,1003.4615384615385,0.5
R1646T,R1646T,catFR1,,0,,0.0,1.1,0.0,,-509.9230769230769,1009.9230769230769,0.5
R1646T,R1646T,catFR1,,1,,0.0,1.1,0.0,,-511.38461538461536,1011.3846153846154,0.5
R1646T,R1646T,catFR1,,2,,0.0,1.1,0.0,,-511.46153846153845,1011.4615384615385,0.5
R1646T,R1646T,catFR1,,3,,0.0,1.1,0.0,,-507.6923076923077,1007.6923076923077,0.5
R1652A,R1652A,catFR1,,0,,0.0,1.1,0.0,,-504.3076923076923,1004.3076923076923,0.5
R1652A,R1652A,catFR1,,2,,0.0,1.1,0.0,,-504.9230769230769,1004.9230769230769,0.5
R1652A,R1652A,catFR1,,3,,0.0,1.1,0.0,,-504.38461538461536,1004.3846153846154,0.5
R1652A,R1652A,catFR1,,4,,0.0,1.1,0.0,,-502.0769230769231,1002.0769230769231,0.5
R1652A,R1652A,catFR1,,5,,0.0,1.1,0.0,,-504.15384615384613,1004.1538461538462,0.5
R1652A,R1652A,catFR1,,6,,0.0,1.1,0.0,,-504.46153846153845,1004.4615384615385,0.5
R1652A,R1652A,catFR6,,4,,0.0,6.1,0.0,,-504.3076923076923,1004.3076923076923,0.5
R1655S,R1655S,catFR1,,0,,0.0,1.1,0.0,,-506.15384615384613,1006.1538461538462,0.5
R1655S,R1655S,catFR1,,2,,0.0,1.1,0.0,,-503.6923076923077,1003.6923076923077,0.5
R1655S,R1655S,catFR1,,4,,0.0,1.1,0.0,,-504.53846153846155,1004.5384615384615,0.5
R1655S,R1655S,catFR1,,5,,0.0,1.1,0.0,,-503.84615384615387,1003.8461538461538,0.5
R1655S,R1655S,catFR6,,7,,0.0,6.1,0.0,,-503.46666666666664,1003.4666666666667,0.5
R1655S,R1655S,catFR6,,8,,0.0,6.1,0.0,,-504.125,1004.125,0.5
R1655S,R1655S,catFR6,,9,,0.0,6.1,0.0,,-505.25,1005.25,0.5
R1658S,R1658S,catFR6,,10,,0.0,6.1,0.0,,-502.0769230769231,1002.0769230769231,0.5
R1658S,R1658S,catFR6,,14,,0.0,6.1,0.0,,-505.64285714285717,1005.6428571428571,0.5
R1658S,R1658S,catFR6,,16,,0.0,6.1,0.0,,-503.46153846153845,1003.4615384615385,0.5
R1659A,R1659A,catFR1,,0,,0.0,1.1,0.0,,-503.2307692307692,1003.2307692307693,0.5
R1659A,R1659A,catFR1,,1,,0.0,1.1,0.0,,-504.7692307692308,1004.7692307692307,0.5
R1659A,R1659A,catFR1,,2,,0.0,1.1,0.0,,-503.46153846153845,1003.4615384615385,0.5
R1659A,R1659A,catFR1,,3,,0.0,1.1,0.0,,-505.6923076923077,1005.6923076923077,0.5
R1662S,R1662S,catFR1,,4,,0.0,1.1,0.0,,-503.2307692307692,1003.2307692307693,0.5
R1662S,R1662S,catFR1,,5,,0.0,1.1,0.0,,-505.2307692307692,1005.2307692307693,0.5
R1662S,R1662S,catFR1,,6,,0.0,1.1,0.0,,-505.0769230769231,1005.0769230769231,0.5
R1662S,R1662S,catFR1,,7,,0.0,1.1,0.0,,-503.61538461538464,1003.6153846153846,0.5
R1662S,R1662S,catFR1,,8,,0.0,1.1,0.0,,-506.0,1006.0,0.5
R1662S,R1662S,catFR1,,10,,0.0,1.1,0.0,,-503.15384615384613,1003.1538461538462,0.5
R1662S,R1662S,catFR6,,6,,0.0,6.1,0.0,,-503.7307692307692,1003.7307692307693,0.5
R1662S,R1662S,catFR6,,8,,0.0,6.1,0.0,,-506.45,1006.45,0.5
R1662S,R1662S,catFR6,,11,,0.0,6.1,0.0,,-505.6666666666667,1005.6666666666666,0.5
R1662S,R1662S,catFR6,,12,,0.0,6.1,0.0,,-502.0,1002.0,0.5
R1662S,R1662S,catFR6,,15,,0.0,6.1,0.0,,-503.15384615384613,1003.1538461538462,0.5
R1662S,R1662S,catFR6,,16,,0.0,6.1,0.0,,-505.15384615384613,1005.1538461538462,0.5
R1662S,R1662S,catFR6,,18,,0.0,6.1,0.0,,-504.34615384615387,1004.3461538461538,0.5
R1662S,R1662S,catFR6,,19,,0.0,6.1,0.0,,-504.8076923076923,1004.8076923076923,0.5
R1665J,R1665J,catFR1,,0,,0.0,1.1,0.0,,-502.6923076923077,1002.6923076923077,0.5
R1665J,R1665J,catFR1,,1,,0.0,1.1,0.0,,-503.2307692307692,1003.2307692307693,0.5
R1665J,R1665J,catFR1,,2,,0.0,1.1,0.0,,-502.84615384615387,1002.8461538461538,0.5
R1666S,R1666S,catFR1,,0,,0.0,1.1,0.0,,-507.3076923076923,1007.3076923076923,0.5
R1666S,R1666S,catFR1,,2,,0.0,1.1,0.0,,-503.2307692307692,1003.2307692307693,0.5
R1666S,R1666S,catFR1,,4,,0.0,1.1,0.0,,-504.84615384615387,1004.8461538461538,0.5
R1666S,R1666S,catFR1,,5,,0.0,1.1,0.0,,-503.9230769230769,1003.9230769230769,0.5
R1666S,R1666S,catFR1,,6,,0.0,1.1,0.0,,-503.84615384615387,1003.8461538461538,0.5
R1666S,R1666S,catFR1,,7,,0.0,1.1,0.0,,-503.15384615384613,1003.1538461538462,0.5
R1666S,R1666S,catFR6,,1,,0.0,6.1,0.0,,-504.9230769230769,1004.9230769230769,0.5
R1666S,R1666S,catFR6,,10,,0.0,6.1,0.0,,-502.8076923076923,1002.8076923076923,0.5
R1666S,R1666S,catFR6,,14,,0.0,6.1,0.0,,-502.61538461538464,1002.6153846153846,0.5
R1666S,R1666S,catFR6,,15,,0.0,6.1,0.0,,-506.5882352941176,1006.5882352941177,0.5
R1666S,R1666S,catFR6,,16,,0.0,6.1,0.0,,-503.3636363636364,1003.3636363636364,0.5
R1666S,R1666S,catFR6,,17,,0.0,6.1,0.0,,-502.2142857142857,1002.2142857142857,0.5
R1666S,R1666S,catFR6,,18,,0.0,6.1,0.0,,-503.46153846153845,1003.4615384615385,0.5
R1666S,R1666S,catFR6,,19,,0.0,6.1,0.0,,-501.53846153846155,1001.5384615384615,0.5
R1666S,R1666S,catFR6,,20,,0.0,6.1,0.0,,-503.88461538461536,1003.8846153846154,0.5
R1666S,R1666S,catFR6,,21,,0.0,6.1,0.0,,-504.7692307692308,1004.7692307692307,0.5
R1668S,R1668S,catFR1,,0,,0.0,1.1,0.0,,-506.15384615384613,1006.1538461538462,0.5
R1668S,R1668S,catFR1,,1,,0.0,1.1,0.0,,-503.15384615384613,1003.1538461538462,0.5
R1668S,R1668S,catFR1,,2,,0.0,1.1,0.0,,-503.6923076923077,1003.6923076923077,0.5
R1668S,R1668S,catFR1,,3,,0.0,1.1,0.0,,-504.9230769230769,1004.9230769230769,0.5
R1668S,R1668S,catFR1,,4,,0.0,1.1,0.0,,-502.9230769230769,1002.9230769230769,0.5
R1668S,R1668S,catFR6,,6,,0.0,6.1,0.0,,-502.375,1002.375,0.5
R1668S,R1668S,catFR6,,8,,0.0,6.1,0.0,,-506.75,1006.75,0.5
R1668S,R1668S,catFR6,,9,,0.0,6.1,0.0,,-503.27272727272725,1003.2727272727273,0.5
R1668S,R1668S,catFR6,,10,,0.0,6.1,0.0,,-501.88235294117646,1001.8823529411765,0.5
R1668S,R1668S,catFR6,,14,,0.0,6.1,0.0,,-505.3636363636364,1005.3636363636364,0.5
R1668S,R1668S,catFR6,,16,,0.0,6.1,0.0,,-504.14285714285717,1004.1428571428571,0.5
R1668S,R1668S,catFR6,,17,,0.0,6.1,0.0,,-504.0833333333333,1004.0833333333334,0.5
R1668S,R1668S,catFR6,,20,,0.0,6.1,0.0,,-505.44444444444446,1005.4444444444445,0.5
R1668S,R1668S,catFR6,,23,,0.0,6.1,0.0,,-504.5625,1004.5625,0.5
R1668S,R1668S,catFR6,,24,,0.0,6.1,0.0,,-504.54545454545456,1004.5454545454545,0.5
R1668S,R1668S,catFR6,,26,,0.0,6.1,0.0,,-502.8181818181818,1002.8181818181819,0.5
R1670J,R1670J,catFR1,,0,,0.0,1.1,0.0,,-502.7692307692308,1002.7692307692307,0.5
R1670J,R1670J,catFR1,,1,,0.0,1.1,0.0,,-503.46153846153845,1003.4615384615385,0.5
R1670J,R1670J,catFR1,,2,,0.0,1.1,0.0,,-502.7692307692308,1002.7692307692307,0.5
R1670J,R1670J,catFR1,,3,,0.0,1.1,0.0,,-504.0,1004.0,0.5
R1672T,R1672T,catFR1,,0,,0.0,1.1,0.0,,-506.84615384615387,1006.8461538461538,0.5
R1672T,R1672T,catFR1,,1,,0.0,1.1,0.0,,-506.9166666666667,1006.9166666666666,0.5
R1672T,R1672T,catFR1,,2,,0.0,1.1,0.0,,-502.84615384615387,1002.8461538461538,0.5
R1672T,R1672T,catFR1,,3,,0.0,1.1,0.0,,-510.15384615384613,1010.1538461538462,0.5
R1672T,R1672T,catFR1,,4,,0.0,1.1,0.0,,-505.2307692307692,1005.2307692307693,0.5
R1674A,R1674A,catFR1,CatFR1,0,,0.0,1.1,0.0,,-505.53846153846155,1005.5384615384615,0.5
R1674A,R1674A,catFR1,CatFR1,1,,0.0,1.1,0.0,,-504.61538461538464,1004.6153846153846,0.5
R1674A,R1674A,catFR1,CatFR1,2,,0.0,1.1,0.0,,-503.53846153846155,1003.5384615384615,0.5
R1674A,R1674A,catFR1,CatFR1,3,,0.0,1.1,0.0,,-504.0,1004.0,0.5
R1676J,R1676J,catFR1,,0,,0.0,1.1,0.0,,-504.38461538461536,1004.3846153846154,0.5
R1676J,R1676J,catFR1,,1,,0.0,1.1,0.0,,-504.46153846153845,1004.4615384615385,0.5
R1676J,R1676J,catFR1,,2,,0.0,1.1,0.0,,-507.38461538461536,1007.3846153846154,0.5
R1678T,R1678T,catFR1,,0,,0.0,1.1,0.0,,-506.6923076923077,1006.6923076923077,0.5
R1678T,R1678T,catFR1,,1,,0.0,1.1,0.0,,-507.7692307692308,1007.7692307692307,0.5
R1678T,R1678T,catFR1,,2,,0.0,1.1,0.0,,-509.0,1009.0,0.5
R1679J,R1679J,catFR1,,0,,0.0,1.1,0.0,,-504.46153846153845,1004.4615384615385,0.5
R1680T,R1680T,catFR1,,0,,0.0,1.1,0.0,,-506.6923076923077,1006.6923076923077,0.5
R1680T,R1680T,catFR1,,1,,0.0,1.1,0.0,,-505.0769230769231,1005.0769230769231,0.5
R1680T,R1680T,catFR1,,2,,0.0,1.1,0.0,,-507.6923076923077,1007.6923076923077,0.5
R1680T,R1680T,catFR1,,3,,0.0008,1.1,0.0,,-505.0769230769231,1005.0769230769231,0.5
R1681J,R1681J,catFR1,,0,,0.0,1.1,0.0,,-503.7692307692308,1003.7692307692307,0.5
R1681J,R1681J,catFR1,,1,,0.0,1.1,0.0,,-503.6923076923077,1003.6923076923077,0.5
R1683A,R1683A,ICatFR1,,0,,0.0,1.1,0.0,,-502.7692307692308,1002.7692307692307,0.5
R1683A,R1683A,ICatFR1,,1,,0.0,1.1,0.0,,-504.0769230769231,1004.0769230769231,0.5
R1683A,R1683A,ICatFR1,,2,,0.0,1.1,0.0,,-503.7692307692308,1003.7692307692307,0.5
R1683A,R1683A,catFR1,,0,,0.0,1.1,0.0,,-503.9230769230769,1003.9230769230769,0.5
R1683A,R1683A,catFR1,,1,,0.0,1.1,0.0,,-504.61538461538464,1004.6153846153846,0.5
R1683A,R1683A,catFR1,,2,,0.0,1.1,0.0,,-502.3076923076923,1002.3076923076923,0.5
R1683A,R1683A,catFR1,,3,,0.0,1.1,0.0,,-506.46153846153845,1006.4615384615385,0.5
R1686S,R1686S,ICatFR1,,2,,0.0,1.1,0.0,,-503.7307692307692,1003.7307692307693,0.5
R1686S,R1686S,ICatFR1,,4,,0.0,1.1,0.0,,-502.9230769230769,1002.9230769230769,0.5
R1686S,R1686S,ICatFR1,,6,,0.0,1.1,0.0,,-502.6923076923077,1002.6923076923077,0.5
R1686S,R1686S,ICatFR6,,0,,0.0,6.1,0.0,,-502.3076923076923,1002.3076923076923,0.5
R1686S,R1686S,ICatFR6,,1,,0.0,6.1,0.0,,-503.8076923076923,1003.8076923076923,0.5
R1686S,R1686S,ICatFR6,,5,,0.0,6.1,0.0,,-503.5769230769231,1003.5769230769231,0.5
R1686S,R1686S,IFR1,,2,,0.0,1.1,0.0,,-504.0,1004.0,0.5
R1686S,R1686S,IFR6,,1,,0.0,6.1,0.0,,-504.4230769230769,1004.4230769230769,0.5
R1689J,R1689J,ICatFR1,,0,,0.0,1.1,0.0,,-506.0,1006.0,0.5
R1689J,R1689J,catFR1,,0,,0.0,1.1,0.0,,-504.0769230769231,1004.0769230769231,0.5
R1692T,R1692T,ICatFR1,,0,,0.0,1.1,0.0,,-501.53846153846155,1001.5384615384615,0.5
R1696L,R1696L,catFR1,CatFR1,0,,0.0,1.0,1010.1538461538462,0.0,-510.15384615384613,1010.1538461538462,0.5
R1701A,R1701A,ICatFR1,,2,,0.0,1.1,0.0,,-503.96153846153845,1003.9615384615385,0.5
R1701A,R1701A,ICatFR1,,3,,0.0,1.1,0.0,,-503.34615384615387,1003.3461538461538,0.5
R1701A,R1701A,ICatFR1,,5,,0.0,1.1,0.0,,-503.03846153846155,1003.0384615384615,0.5
R1701A,R1701A,catFR6,,0,,0.0,6.1,0.0,,-503.84615384615387,1003.8461538461538,0.5
R1708A,R1708A,ICatFR1,,0,,0.0,1.1,0.0,,-503.5769230769231,1003.5769230769231,0.5
R1708A,R1708A,ICatFR1,,1,,0.0,1.1,0.0,,-504.2692307692308,1004.2692307692307,0.5
R1709J,R1709J,ICatFR1,,0,,0.0,1.1,0.0,,-503.88461538461536,1003.8846153846154,0.5
R1710J,R1710J,ICatFR1,,0,,0.0,1.1,0.0,,-502.5,1002.5,0.5
R1710J,R1710J,ICatFR1,,1,,0.0,1.1,0.0,,-504.6923076923077,1004.6923076923077,0.5
R1710J,R1710J,IFR1,,0,,0.0,1.1,0.0,,-502.7692307692308,1002.7692307692307,0.5
R1711A,R1711A,ICatFR1,,0,,0.0,1.1,0.0,,-502.8,1002.8,0.5
R1720S,R1720S,ICatFR1,,0,,0.0,1.1,0.0,,-502.84615384615387,1002.8461538461538,0.5
R1720S,R1720S,ICatFR1,,4,,0.0,1.1,0.0,,-504.4230769230769,1004.4230769230769,0.5
R1720S,R1720S,ICatFR1,,6,,0.0,1.1,0.0,,-503.84615384615387,1003.8461538461538,0.5
R1720S,R1720S,ICatFR1,,8,,0.0,1.1,0.0,,-504.6923076923077,1004.6923076923077,0.5
R1720S,R1720S,ICatFR1,,10,,0.0,1.1,0.0,,-503.2307692307692,1003.2307692307693,0.5
R1720S,R1720S,IFR1,,0,,0.0,1.1,0.0,,-504.61538461538464,1004.6153846153846,0.5
R1720S,R1720S,IFR1,,2,,0.0,1.1,0.0,,-502.3076923076923,1002.3076923076923,0.5
R1721J,R1721J,ICatFR1,,0,,0.0,1.1,0.0,,-502.4230769230769,1002.4230769230769,0.5
R1721J,R1721J,ICatFR1,,1,,0.0,1.1,0.0,,-500.7307692307692,1000.7307692307693,0.5
R1721J,R1721J,ICatFR1,,2,,0.0,1.1,0.0,,-502.0,1002.0,0.5
R1721J,R1721J,IFR1,,0,,0.0,1.1,0.0,,-503.0,1003.0,0.5
R1721J,R1721J,IFR1,,1,,0.0,1.1,0.0,,-504.0,1004.0,0.5
R1724J,R1724J,ICatFR1,,0,,0.0,1.1,0.0,,-503.03846153846155,1003.0384615384615,0.5
R1724J,R1724J,ICatFR1,,1,,0.0,1.1,0.0,,-503.1923076923077,1003.1923076923077,0.5
R1724J,R1724J,IFR1,,0,,0.0,1.1,0.0,,-504.5769230769231,1004.5769230769231,0.5
R1724J,R1724J,IFR1,,1,,0.0,1.1,0.0,,-501.1923076923077,1001.1923076923077,0.5
R1725J,R1725J,ICatFR1,,0,,0.0,1.1,0.0,,-503.7692307692308,1003.7692307692307,0.5
R1725J,R1725J,ICatFR1,,1,,0.0,1.1,0.0,,-503.7142857142857,1003.7142857142857,0.5
R1725J,R1725J,IFR1,,0,,0.0,1.1,0.0,,-504.38461538461536,1004.3846153846154,0.5
R1726A,R1726A,ICatFR1,,0,,0.0,1.1,0.0,,-503.84615384615387,1003.8461538461538,0.5
R1726A,R1726A,ICatFR1,,1,,0.0,1.1,0.0,,-503.5,1003.5,0.5
R1726A,R1726A,ICatFR1,,2,,0.0,1.1,0.0,,-503.11538461538464,1003.1153846153846,0.5
R1726A,R1726A,IFR6,,2,,0.0,6.1,0.0,,-504.5,1004.5,0.5
R1726A,R1726A,catFR6,,0,,0.0,6.1,0.0,,-504.11538461538464,1004.1153846153846,0.5
