subject,experiment,session,slope,intercept,rmse,mu,sig,se,n_syncs,corr1,corr2
R1001P,FR1,0,0.9945773235761847,6.265023697426317,9.886851277934358,2.2737367544323207e-14,9.88685127793436,0.988685127793436,100,0.9974328098173385,0.3071649731109522
R1001P,FR2,0,0.9965188499250616,4.390140541417231,10.377175537669688,5.275069270282983e-13,10.37717553766969,1.037717553766969,100,0.9977885301971666,0.30432897433391204
R1001P,PAL1,0,0.993615507468665,7.375199631828373,9.720489307690965,1.9326762412674726e-14,9.720489307690965,0.9720489307690965,100,0.9977335052510518,0.3488194071164096
R1001P,FR1,1,0.9984362666254154,-3.8811374300861368,1.7073781350567567,-2.6261659513693303e-13,1.7073781350567567,0.17073781350567568,100,0.9999337478735959,0.34908349998500265
R1001P,PAL1,1,0.9966259735829527,4.1471225446982345,8.459647066715405,3.7630343285854906e-13,8.459647066715405,0.8459647066715406,100,0.998297470775704,0.3618112051298201
R1001P,FR2,1,0.2899361272966614,739.6824026898993,142.98719807360663,7.617018127348274e-14,142.98719807360663,14.298719807360664,100,0.28135477415483545,0.27432925471604896
R1002P,FR1,0,0.9955760218118749,5.305712586092471,10.100062609289289,-1.8417267710901798e-13,10.100062609289287,1.0100062609289286,100,0.9975751447275362,0.3959331447708464
R1002P,PAL1,2,0.9951946384170791,5.778734606384487,9.235897694772696,-1.261923898709938e-13,9.235897694772696,0.9235897694772696,100,0.9977275095039626,0.3195778470030071
R1002P,FR1,1,0.9950420990793415,5.91505055841373,9.768581665703303,-2.5920599000528453e-13,9.768581665703302,0.9768581665703302,100,0.9972986064443107,0.3593481485086743
R1002P,PAL1,0,0.9999514445407219,-5.451304700999498,1.5198546780218845,-2.9331204132176936e-13,1.5198546780218845,0.15198546780218844,100,0.9999347901138004,0.3312790993663082
R1002P,PAL1,1,0.9955699443587798,5.40673478350182,9.359081942324506,8.36735125631094e-13,9.359081942324506,0.9359081942324506,100,0.9982301844587851,0.3636881788943676
R1002P,FR2,0,0.992926681214843,8.156907156496361,10.00484071255859,6.036771083017811e-13,10.004840712558584,1.0004840712558585,100,0.9975181839754951,0.370051732086476
R1002P,FR2,1,0.9950484759240584,5.836923315817598,9.485076668591892,-1.7280399333685637e-13,9.485076668591889,0.9485076668591889,100,0.997807701591611,0.3147133381077553
R1002P,FR2,2,0.9960839810651023,4.818973395774213,10.029502518137875,7.241851562866941e-13,10.02950251813788,1.002950251813788,100,0.9974649248255585,0.3384952229604497
R1003P,PAL1,0,0.9950333041687177,5.912917670913425,9.031083682640725,8.412825991399586e-14,9.031083682640725,0.9031083682640725,100,0.9981234921132861,0.37592442393842845
R1003P,PAL1,1,0.9967512955681135,4.029695940102979,9.038446044978981,-2.1600499167107046e-14,9.03844604497898,0.9038446044978979,100,0.9979092856701025,0.34745402263611874
R1003P,FR1,0,0.9940256161564838,6.8284777966169745,9.536594781748459,2.501110429875553e-13,9.536594781748459,0.9536594781748459,100,0.9974079202583339,0.3619947054917906
R1003P,PAL2,0,0.9953333940223403,5.652751524007731,9.307108806866443,4.672529030358419e-13,9.307108806866445,0.9307108806866445,100,0.9980536554282844,0.358740151699551
R1003P,FR2,0,0.997581191571967,3.9915354868626536,10.506719536118679,5.115907697472721e-13,10.506719536118679,1.0506719536118678,100,0.9976041370241396,0.2962897819613974
R1003P,PAL2,1,0.9943242395895333,6.685096879327302,9.818894085810879,-1.261923898709938e-13,9.818894085810877,0.9818894085810876,100,0.9979998346381638,0.36765926040748587
R1003P,FR1,1,0.9941990740662102,6.888028202548073,9.63924361368126,-2.4556356947869064e-13,9.63924361368126,0.9639243613681259,100,0.9978890658467537,0.3440661917481952
R1004D,catFR1,0,0.9953037642278234,5.649051465183447,9.553481891872257,8.753886504564434e-14,9.553481891872257,0.9553481891872257,100,0.9980142768688346,0.37592286919566276
R1006P,FR1,0,2.091329234231669,-669.5037434546477,733.8572783504069,1.8189894035458566e-13,733.8572783504069,73.38572783504068,100,0.400205270053708,0.3705131689046201
R1006P,FR1,1,0.997978422904004,3.496408936921702,9.711481115794896,1.978150976356119e-13,9.711481115794895,0.9711481115794894,100,0.9978282422201187,0.3896795569240739
R1010J,FR1,0,1.0004699939342636,-5.255004069602566,1.583091505241259,2.808064891723916e-13,1.583091505241259,0.15830915052412592,100,0.9999489938126951,0.34450477598425
R1010J,FR1,1,0.9994657410622483,0.5052740297333582,0.8014578460975074,-8.753886504564434e-14,0.8014578460975074,0.08014578460975073,100,0.9999864355589491,0.31755361869972226
R1015J,catFR1,0,1.0009024418837271,-6.7401306885771275,1.3280434769143281,-6.650680006714537e-13,1.3280434769143283,0.13280434769143284,100,0.9999588034896832,0.29445132698788934
R1016M,PAL2,0,0.9949976272709026,6.031362370802996,9.028515724189733,2.512479113647714e-13,9.028515724189731,0.9028515724189731,100,0.9978620369708079,0.36760999160824265
R1016M,catFR1,0,0.993378480411963,-261.58933669324324,339.5665984195804,0.0,339.5665984195804,33.956659841958036,100,0.385241758161715,0.35151354499295473
R1016M,PAL1,0,1.0000344159197332,-0.10500684107523613,1.3583353087468255,-2.3419488570652903e-13,1.3583353087468253,0.13583353087468253,100,0.9999566256012359,0.3803137322050238
R1016M,catFR2,0,1.0027479990464632,-2.8177021996268374,1.417479049902574,-5.718447937397287e-13,1.4174790499025738,0.14174790499025738,100,0.9999523273330759,0.3353895215814688
R1016M,PAL2,1,0.9962961447453795,4.547594920865646,9.108191728812818,4.0472514228895307e-13,9.108191728812816,0.9108191728812816,100,0.997913857850163,0.33074450633807023
R1016M,PAL2,2,0.5894705170243157,389.95591136207594,99.18724665993064,-1.5006662579253317e-13,99.18724665993064,19.83744933198613,25,0.6876452440490913,0.6458183292601614
R1018P,FR1,0,0.9948701763144223,6.141843253936246,10.101097697002027,-6.480149750132113e-14,10.101097697002027,1.0101097697002026,100,0.9974758529133338,0.34828114899200996
R1021D,catFR1,0,0.9927127499972511,8.387255677810776,9.852543165167681,6.230038707144559e-13,9.852543165167681,0.9852543165167681,100,0.9974308775876164,0.33248463215610913
R1022J,FR1,0,1.0012523060187328,-6.3732946676063005,1.585058605396571,4.683897714130581e-13,1.585058605396571,0.1585058605396571,100,0.9999477246210156,0.3528449164590489
R1022J,FR2,1,0.879391972042942,142.25145428836967,201.91162198855116,3.581135388230905e-13,201.91162198855116,20.191162198855118,100,0.5265215989015599,0.2934024926738842
R1022J,FR2,0,1.0040967212381713,-3.2639493991134727,10.264262323140558,-2.5011104298755527e-14,10.26426232314056,1.026426232314056,100,0.9971365192150614,0.3281672282880146
R1023J,FR2,1,0.9931768690413186,8.003913926577209,10.418989881856701,6.593836587853729e-14,10.418989881856703,1.0418989881856704,100,0.9973816776777721,0.3235571314153173
R1023J,FR1,0,1.032985515541222,-33.153758156354336,8.885122094559797,7.389644451905042e-14,8.885122094559797,0.8885122094559798,100,0.9985988104142759,0.29658650704766093
R1023J,PAL1,0,1.025680804304799,-25.493267384608394,9.229581441025507,1.5916157281026246e-14,9.229581441025507,0.9229581441025507,100,0.9984165357601418,0.35596310597809744
R1026D,catFR1,0,0.9946307132657441,6.317600627979379,9.836196343807467,-6.230038707144559e-13,9.836196343807467,0.9836196343807467,100,0.9976945433813819,0.29828034210519505
R1026D,catFR2,0,0.9941614138287594,6.864814209732034,10.756517801574713,-9.117684385273605e-13,10.756517801574711,1.0756517801574712,100,0.9973296644322668,0.32804914080167885
R1026D,catFR2,1,0.9995008844846278,0.46422317328950163,0.5200272262248531,-9.29958332562819e-13,0.5200272262248532,0.05200272262248532,100,0.9999938024454048,0.29313431595363976
R1026D,catFR2,2,0.9937693197056342,7.291960728168242,9.675687454418641,1.6711965145077556e-13,9.675687454418643,0.9675687454418643,100,0.9975420517715957,0.3651505160523846
R1027J,FR2,0,0.6849954085846539,352.5220639602216,186.99432197764924,-7.503331289626658e-14,186.9943219776492,18.69943219776492,100,0.42521947772025404,0.39996808513984317
R1027J,FR2,2,0.9970452603299771,3.915126003397443,10.370059445108865,2.773958840407431e-13,10.370059445108867,1.0370059445108866,100,0.9968866566731254,0.3110201866498699
R1028M,PAL2,0,0.9978444497320309,2.8822487695727927,8.499747821786094,4.1040948417503385e-13,8.499747821786094,0.8499747821786094,100,0.9979452997099324,0.3516420481248037
R1028M,FR2,1,0.9922602229180159,8.65508615304258,10.153510351335614,3.069544618483633e-13,10.153510351335612,1.0153510351335613,100,0.9972216961214955,0.3343546634559431
R1028M,catFR2,0,0.9949419480795397,5.904841214257237,9.945282548436262,1.7962520360015334e-13,9.945282548436266,0.9945282548436266,100,0.9972410749624736,0.3343926713381275
R1028M,FR2,2,0.9955559890890352,5.308986252283693,9.845334512474446,-7.673861546209082e-13,9.845334512474444,0.9845334512474444,100,0.9974931831723339,0.31089908692659046
R1028M,catFR1,0,0.9962428234812742,4.62582984563991,10.01196506281909,6.957634468562901e-13,10.011965062819089,1.0011965062819088,100,0.9975181239997835,0.31430169352058646
R1028M,PAL1,0,0.9967982068004018,4.034024049621097,9.096213974630011,4.0245140553452075e-13,9.096213974630011,0.9096213974630011,100,0.9979392868975402,0.38487577185632205
R1028M,PAL1,1,0.9958904322911917,5.045498458148094,9.007134120930216,2.1600499167107046e-14,9.007134120930216,0.9007134120930216,100,0.997831082666075,0.36992110547740414
R1029W,catFR2,0,0.9946800622816355,7.37636921623416,9.979798187042704,-2.955857780762017e-13,9.979798187042707,0.9979798187042708,100,0.9974891864970812,0.3617812923334468
R1029W,catFR2,1,0.9959187586802025,5.996462711304637,9.59724787086893,8.947154128691182e-13,9.597247870868932,0.9597247870868932,100,0.9977173681049926,0.32261382582276105
R1030J,FR2,4,0.995899226414194,5.164563960152977,10.353782363529088,-2.0463630789890885e-14,10.353782363529088,1.035378236352909,100,0.9976676681317632,0.2905685858735375
R1030J,FR2,5,0.9960950509295943,4.915974348303573,10.538825867587242,2.467004378559068e-13,10.538825867587242,1.0538825867587243,100,0.9972717967588124,0.36131580601557295
R1030J,FR2,6,0.9930917334646424,8.005328816939599,10.429957769716689,6.8212102632969615e-15,10.429957769716689,1.042995776971669,100,0.9971338617513361,0.34789509000152763
R1030J,FR1,0,1.004934991375444,-3.7564842000272542,10.644830908951166,1.8417267710901798e-13,10.644830908951166,1.0644830908951166,100,0.9973578944783127,0.34203211937543704
R1030J,FR2,0,0.9563117816068704,167.79624303390253,441.20353235085327,-1.9326762412674725e-13,441.20353235085327,44.120353235085325,100,0.27190163437132125,0.26519620426823287
R1031M,PAL1,0,1.0015580957342776,-6.876487921057517,1.6664530828696447,-3.5925040720030667e-13,1.6664530828696447,0.16664530828696447,100,0.9999236949793106,0.310120229239898
R1031M,catFR1,0,0.99558346889025,5.30959228807051,9.63992380773833,3.512923285597935e-13,9.63992380773833,0.9639923807738329,100,0.9975984261701776,0.3668596566446084
R1031M,catFR2,0,0.9953585219220416,5.517022259003077,9.99866774401363,-5.10453901370056e-13,9.998667744013627,0.9998667744013627,100,0.9976051773759845,0.32006823310426474
R1031M,PAL2,0,0.995036839581493,5.8076303358573735,9.296557510590805,5.877609510207549e-13,9.296557510590805,0.9296557510590805,100,0.9975320611245878,0.3606637942808729
R1031M,PAL2,1,0.9949713902175578,5.9607616475245795,9.213364407189347,-2.4215296434704213e-13,9.213364407189347,0.9213364407189347,100,0.9977202227228921,0.37946963540833223
R1032D,catFR1,0,0.9932865115183481,7.775216679211811,9.57352556981585,1.750777300912887e-13,9.57352556981585,0.957352556981585,100,0.9975402773847292,0.31004705896437706
R1032D,catFR1,1,0.9945854727013134,6.369200667666179,9.898948259332803,1.4665602066088468e-13,9.898948259332803,0.9898948259332803,100,0.9975232441255865,0.314455808520956
R1033D,FR2,1,0.9945176710223644,6.52825821921722,9.745008024578551,-1.3983481039758771e-13,9.745008024578551,0.9745008024578551,100,0.9977547021423435,0.32593752399216563
R1033D,FR2,2,0.9938162789030456,7.265412355746337,10.132840241601215,2.8762769943568853e-13,10.132840241601214,1.0132840241601213,100,0.9973977880653841,0.3571257165607877
R1033D,FR1,0,1.000322403726155,-8.893397211424658,0.6167119734438966,-3.2741809263825415e-13,0.6167119734438966,0.06167119734438966,100,0.9999914720101093,0.2882012981789261
R1033D,FR2,0,0.9965725109815025,4.363293444924952,9.859521488654346,-2.12594386539422e-13,9.859521488654346,0.9859521488654346,100,0.9978399460427944,0.3087026944022467
R1034D,FR1,0,0.9934569563353629,7.481165108987701,9.54156600673752,9.549694368615746e-14,9.54156600673752,0.9541566006737521,100,0.9972567803072545,0.3032669305909849
R1034D,FR1,1,0.9945582993284192,6.319048876396774,9.645204920562925,-9.663381206337362e-14,9.645204920562923,0.9645204920562923,100,0.9976706966022855,0.3322210429788774
R1034D,FR1,2,0.9935251513018387,7.431848817232695,9.856795336457445,1.0004441719502211e-13,9.856795336457445,0.9856795336457445,100,0.99725670654555,0.29612697288288875
R1035M,catFR1,0,0.8087497633145765,213.53610882152998,243.98142650987938,8.86757334228605e-14,243.98142650987938,24.39814265098794,100,0.43623131128506415,0.300322434509669
R1035M,PAL1,0,0.996251227845361,4.627825138837272,9.40766489247874,-1.4438228390645236e-13,9.40766489247874,0.940766489247874,100,0.9979407955562114,0.38655783100984575
R1035M,FR2,0,0.5393285818870999,408.56978158475664,226.45762999777907,-5.10453901370056e-13,226.4576299977791,22.645762999777908,100,0.3281595547506286,0.2785849689510405
R1036M,catFR1,0,0.9946039871895563,6.455839047437642,10.120001967944557,7.571543392259628e-13,10.120001967944559,1.0120001967944559,100,0.9976676362910859,0.36848260690229867
R1036M,PAL1,0,0.9960566426604279,4.7576699556491935,9.449618654895778,2.6147972675971685e-13,9.449618654895778,0.9449618654895777,100,0.9972368642446612,0.4086698818981456
R1036M,catFR2,0,0.9956911051856211,5.258831541246756,9.983446386781752,-1.568878360558301e-13,9.983446386781754,0.9983446386781754,100,0.9977242411040825,0.3265838605568636
R1036M,PAL2,0,0.9930461885989659,7.953944189182086,9.304703628664944,-4.240519047016278e-13,9.304703628664946,0.9304703628664945,100,0.9973896480742902,0.3089728099264878
R1036M,catFR2,1,0.9963435784905281,4.669897612533266,10.067739581258992,1.8530954548623412e-13,10.067739581258994,1.0067739581258994,100,0.9976196808474137,0.33695776871258415
R1036M,catFR2,2,0.7694514323721615,288.6056486939207,336.0970837366264,-9.094947017729283e-14,336.0970837366264,33.60970837366264,100,0.3052551027700833,0.29569197788291507
R1039M,catFR1,0,0.9932249537878746,7.985560193701469,9.97532126862048,1.0231815394945443e-13,9.97532126862048,0.997532126862048,100,0.9979144737891283,0.3262560267771176
R1039M,catFR2,0,0.9949199783272717,6.093775944720848,10.071855035652687,-1.375610736431554e-13,10.071855035652689,1.0071855035652688,100,0.9974918537527399,0.3582913399731872
R1041M,catFR1,0,0.9959173519372974,4.939213662823258,10.607960091811753,5.229594535194337e-13,10.607960091811755,1.0607960091811754,100,0.9974999477371584,0.3287286115005063
R1041M,catFR2,0,0.9954748285388106,5.538391880078256,10.001752056247126,7.389644451905042e-13,10.001752056247126,1.0001752056247126,100,0.9977744657643859,0.30600895496778535
R1042M,catFR1,0,0.9934945186797204,7.425211369913214,9.911447710226485,-5.2295945351943376e-14,9.911447710226485,0.9911447710226484,100,0.9974449064221312,0.33607869928379847
R1042M,PAL1,0,0.9975772346879651,3.137277820952381,8.544079328434757,1.2732925824820997e-13,8.544079328434758,0.8544079328434758,100,0.9983619338251971,0.39724946129627625
R1042M,catFR2,0,0.9950302148422547,5.886980614391254,9.964000258244587,1.7053025658242404e-13,9.964000258244585,0.9964000258244585,100,0.9974756362525053,0.3903773641234818
R1044J,catFR1,0,0.9989526979059861,-4.2325198646298166,1.7713726007859696,2.2737367544323206e-13,1.7713726007859694,0.17713726007859693,100,0.9999276719422138,0.3355717031541662
R1045E,catFR1,0,0.4440207589420698,559.3167956649675,170.6411560152494,-1.1368683772161603e-13,170.6411560152494,17.06411560152494,100,0.34259222808694134,0.32761081175412554
R1045E,catFR1,1,0.997272238976863,4.624717167282681,9.858790100328356,-9.43600753089413e-14,9.858790100328356,0.9858790100328356,100,0.9977745274978714,0.34158758785112386
R1048E,FR1,0,0.9985476112196592,1.4601073169660765,4.172259481896321,-2.1486812329385429e-13,4.172259481896321,0.41722594818963205,100,0.9995549930549885,0.351905943432882
R1049J,FR1,0,1.0036553296908497,-2.6838047091418247,10.262373239952925,-4.2291503632441165e-13,10.262373239952927,1.0262373239952927,100,0.9973616920405881,0.3191998244656072
R1050M,PAL1,0,0.9949500925227529,6.013933204888143,8.832622718732614,-9.663381206337362e-14,8.832622718732614,0.8832622718732613,100,0.9982694878306227,0.34765751598167505
R1050M,catFR1,0,0.993492121469564,7.6067592983263355,9.708986738269205,2.0008883439004421e-13,9.708986738269205,0.9708986738269205,100,0.997822114997911,0.3109980664050818
R1050M,PAL2,0,0.9954776986122496,5.411413580821341,9.051889824246869,-1.0459189070388675e-13,9.05188982424687,0.905188982424687,100,0.9979819424410588,0.31895924880018756
R1050M,catFR2,0,2.1476956006447985,-919.62801237167,479.2778223944259,-2.652692880171041e-13,479.27782239442587,87.50375821246057,30,0.5040548806979996,0.4972536907824117
R1051J,FR1,0,0.9938008047027005,7.345541055317149,9.89172750255549,3.3082869776990266e-13,9.891727502555488,0.9891727502555488,100,0.9974565698890461,0.33386261049540844
R1051J,FR1,1,0.9934612830366141,7.546619420573469,9.491039428586282,-1.9554136088117957e-13,9.491039428586278,0.9491039428586279,100,0.997474529221749,0.39141872597993443
R1051J,FR1,2,0.998898600165593,-6.405176233100636,1.299736524279685,1.0459189070388675e-13,1.299736524279685,0.1299736524279685,100,0.9999598655938784,0.3605683336707268
R1053M,FR1,0,0.9976299225765973,2.924265553535207,8.395959124908094,1.1709744285326451e-13,8.39595912490809,0.839595912490809,100,0.998192688432452,0.30842231090742694
R1053M,FR2,0,1.0051432115196814,-5.268780373745596,4.263845806588486,2.467004378559068e-13,4.263845806588486,0.42638458065884854,100,0.9996121019817803,0.3144355605694439
R1054J,FR1,0,1.0003241289973241,-0.37592729282732174,1.3476515894082024,-5.775291356258094e-13,1.3476515894082024,0.13476515894082025,100,0.9999573482732824,0.31449106938588256
R1054J,FR1,1,0.994802559539784,6.415483233293948,10.373130276280182,1.1254996934439987e-13,10.37313027628018,1.037313027628018,100,0.9974678510445548,0.3319553464728088
R1055J,FR1,0,0.9994728218607857,-5.531187608554598,1.1791337624765355,-4.3087311496492476e-13,1.1791337624765355,0.11791337624765355,100,0.9999679996635469,0.3148537140625937
R1055J,FR1,1,0.9943205911758609,6.685306928377282,9.75199948126677,9.094947017729283e-14,9.751999481266768,0.9751999481266769,100,0.9977851486525275,0.43399019784870974
R1056M,PAL1,0,0.9956346953777356,5.254293697370591,9.694876436208078,-6.582467904081568e-13,9.694876436208082,0.9694876436208082,100,0.9975169208218116,0.2993837880505461
R1056M,catFR1,0,0.993225215005493,7.827271020467146,9.868369374396535,-1.2505552149377763e-14,9.868369374396535,0.9868369374396535,100,0.9976983648895553,0.3502289262504169
R1056M,FR2,0,0.9932196794129622,7.789927387925346,10.257797751595065,4.661160346586257e-13,10.257797751595065,1.0257797751595066,100,0.99725858313389,0.3366761819572792
R1057E,FR1,0,0.8674789079531253,237.02888594677444,346.79372732787266,-9.322320693172514e-14,346.79372732787266,34.679372732787265,100,0.3241550101477902,0.31140478185662773
R1060M,PAL2,0,0.4835554048880795,523.4414970430778,139.34990716156653,8.855606306736406e-14,139.34990716156656,14.296998811284329,95,0.44549490073953163,0.36597311919742687
R1060M,FR2,1,0.9950761592058597,5.810264803112105,10.19458473494739,-3.524291969370097e-14,10.194584734947393,1.0194584734947392,100,0.9973351254023002,0.32576974558817157
R1060M,PAL2,1,0.32047863213646166,686.9774724822801,143.9464558699741,4.172306944383308e-13,143.9464558699741,14.39464558699741,100,0.29924797450352375,0.2884993580783381
R1060M,FR1,3,0.9943300498631069,6.7741518928579865,9.834268408175088,5.047695594839752e-13,9.834268408175086,0.9834268408175086,100,0.9973164394447688,0.2958763827086959
R1060M,FR1,2,1.314698399281304,-128.02844343472,516.2638093148074,-1.9099388737231492e-13,516.2638093148074,51.62638093148074,100,0.3438438037789085,0.3379916426206644
R1060M,FR1,1,0.9936121122193654,7.452550366296286,9.922541345253915,-7.480593922082335e-13,9.922541345253917,0.9922541345253917,100,0.9977731983142099,0.32417101332465736
R1060M,PAL1,0,1.180147280849858,-274.42070724330904,449.141330746534,-1.0936673788819461e-12,449.141330746534,44.9141330746534,100,0.33353718529560367,0.3249810078406178
R1060M,catFR1,0,1.060750099413513,68.77121127219037,443.37369676094517,5.0022208597511053e-14,443.37369676094517,44.33736967609452,100,0.32093710196347225,0.30591188498841926
R1060M,catFR2,0,0.9947901562818627,6.335461749998017,9.983599420293896,2.6147972675971688e-14,9.983599420293896,0.9983599420293896,100,0.997463534614597,0.36513527057647377
R1061T,FR1,1,0.994482639750551,6.438918688267729,9.645698653890218,2.97859514830634e-13,9.645698653890221,0.9645698653890221,100,0.997719013290006,0.31024805939381944
R1061T,catFR1,0,0.9971264357733653,3.8701159741239772,10.234101207245708,5.093170329928399e-13,10.234101207245706,1.0234101207245705,100,0.9976979103203677,0.35672645630649247
R1061T,FR1,2,0.9908379779712233,10.315233525675158,9.834929372888126,3.774403012357652e-13,9.834929372888128,0.9834929372888128,100,0.9976584259420369,0.35653840886789223
R1061T,FR1,3,1.0002285460429614,-0.2822279197131316,0.6973103611452083,4.376943252282217e-13,0.6973103611452083,0.06973103611452083,100,0.9999899122544585,0.43298142404684653
R1062J,FR1,0,0.9969149957485265,4.0506898317470705,9.862636583356082,3.9904080040287224e-13,9.862636583356082,0.9862636583356081,100,0.9977683140381416,0.2843053405124341
R1062J,FR1,1,0.9957750104954235,5.212467735999396,9.743536358359234,-2.091837814077735e-13,9.743536358359233,0.9743536358359233,100,0.9977768404902978,0.2710373073075879
R1062J,FR1,2,0.9081292568141341,97.12018094879078,106.29726719399166,-7.366907084360719e-13,106.29726719399167,10.629726719399168,100,0.7740691765799597,0.34061281262137755
R1062J,FR1,3,1.6328779048237978,-443.8673006642784,575.4487544825313,6.891171394202571e-13,575.4487544825313,71.37563353193136,65,0.36999853366881275,0.35081480890829647
R1065J,FR1,5,0.9948228902327629,6.266123342637025,9.449075731552975,3.9335645851679146e-13,9.449075731552977,0.9449075731552977,100,0.9981546841185727,0.3590164880587093
R1065J,PAL1,1,0.995795737140776,5.109421811330668,9.05541391013411,-2.683009370230138e-13,9.055413910134112,0.9055413910134111,100,0.9982354170573783,0.3396265249200222
R1065J,catFR1,0,0.9132476467849625,133.53420951069674,420.5832836689819,-4.3655745685100554e-13,420.5832836689819,42.05832836689819,100,0.28404465202538604,0.24986092813003477
R1065J,catFR1,1,1.0123232053157414,-9.062905669020404,27.177700383229084,-2.262368070660159e-13,27.177700383229094,2.7177700383229095,100,0.9804602614159479,0.32019100003744216
R1065J,PAL1,2,0.9958198025550401,5.092779839269068,8.958149125652104,-1.8303580873180182e-13,8.958149125652104,0.8958149125652104,100,0.9981521533721516,0.33649454257616296
R1065J,catFR1,2,0.9947040469405803,6.410797375594273,9.53649357899805,-5.32054400537163e-13,9.536493578998051,0.9536493578998051,100,0.9979419802037721,0.3561128548699423
R1065J,catFR1,3,0.7660460233152759,241.6754314756476,147.9042754413243,2.5011104298755527e-14,147.9042754413243,14.79042754413243,100,0.5991135718001207,0.32763553861405226
R1065J,PAL1,0,0.9957560901675044,5.165522518231689,9.149741036925475,-2.307842805748805e-13,9.149741036925477,0.9149741036925476,100,0.9979830427635287,0.3389454194674249
R1065J,FR1,4,0.9957440971419044,5.16555552728411,9.453474011089844,-2.1827872842550277e-13,9.453474011089844,0.9453474011089844,100,0.9975372586926637,0.34519808786068185
R1066P,FR1,3,0.9952448467694358,5.647293049517981,9.57848902440577,4.547473508864641e-15,9.578489024405767,0.9578489024405767,100,0.9973286731461775,0.31611723382189594
R1066P,PAL1,0,0.9949303033635463,5.931090756259211,9.271569809267671,-3.501554601825774e-13,9.271569809267671,0.9271569809267671,100,0.9977412421433972,0.355141370571703
R1066P,catFR1,0,0.9941966697976684,6.810184566262755,9.980738830229571,2.569322532508522e-13,9.980738830229571,0.9980738830229571,100,0.9977183402610342,0.39518535011564576
R1066P,catFR1,1,1.0002011406558262,0.7280527701437246,9.840944399833996,-2.41016095969826e-13,9.840944399833994,0.9840944399833994,100,0.9978627668553097,0.4100083171652943
R1067P,catFR1,0,0.9953118508298416,5.664824738936764,9.95088686591902,1.602984411874786e-13,9.950886865919017,0.9950886865919017,100,0.9974395089089104,0.32096747700380457
R1067P,catFR1,1,0.9967615686276001,4.144557380244622,10.072632442088857,1.1368683772161604e-14,10.072632442088857,1.0072632442088856,100,0.9973129097137301,0.3663155663639222
R1067P,FR1,2,0.9966439890019887,4.294772012264184,9.929957898369224,-5.1159076974727215e-14,9.929957898369222,0.9929957898369223,100,0.9976577905809894,0.3209348772803468
R1067P,FR1,3,0.9963400635879511,4.558936750638796,9.862052189609829,3.637978807091713e-14,9.862052189609829,0.9862052189609829,100,0.9975331786305801,0.34386724128532803
R1067P,catFR2,0,0.9949802813552147,5.98340095689216,9.999546425378451,3.296918293926865e-13,9.99954642537845,0.9999546425378449,100,0.9975342786177348,0.36258916151991144
R1068J,FR1,0,0.992918459589055,8.26738576267078,9.833029583667116,1.4097167877480388e-13,9.833029583667114,0.9833029583667114,100,0.9972192274917812,0.2880656450676357
R1068J,FR1,1,0.99269220836803,8.375192819888445,9.827478314143242,6.480149750132113e-14,9.827478314143246,0.9827478314143245,100,0.997493797413152,0.2971306233676687
R1069M,catFR1,0,0.9451417855175943,182.50752660406135,463.18749399126017,3.9108272176235914e-13,463.18749399126017,46.31874939912602,100,0.28075668839100726,0.2610204065187501
R1069M,PAL1,0,1.487194235371161,-211.52824422344935,608.2054272233926,2.501110429875553e-13,608.2054272233927,60.82054272233927,100,0.32715679960047594,0.3204928422020894
R1069M,catFR2,0,1.1307288797987394,56.195145590057415,497.919289423831,7.02584657119587e-13,497.91928942383106,49.79192894238311,100,0.3204860357703742,0.3190915842977371
R1070T,FR1,0,0.9947623944136502,6.288066688165877,9.849770140233423,-7.16227077646181e-14,9.84977014023342,0.984977014023342,100,0.9978325652084209,0.2929884363276798
R1070T,FR1,1,1.0000447985667245,-0.09488278802947825,0.7262665392134074,3.797140379901975e-13,0.7262665392134074,0.07262665392134074,100,0.9999856632493086,0.33357173232599685
R1070T,FR1,2,0.9957521874767116,5.1726726701353085,9.752781767854072,7.844391802791505e-14,9.752781767854074,0.9752781767854074,100,0.9976586316568897,0.3060172681989737
R1070T,FR2,0,0.9935794405946586,7.377268932467584,9.846582471402325,2.842170943040401e-14,9.846582471402325,0.9846582471402325,100,0.9973114620758614,0.3842889521323532
R1074M,catFR1,0,0.9940663198021751,7.064919212867055,9.884473004296972,-3.979039320256561e-13,9.884473004296972,0.9884473004296972,100,0.9978061821350372,0.3004341936148869
R1074M,catFR2,0,1.003271069649304,-3.2771263099659746,4.664772157247165,1.148237060988322e-13,4.664772157247165,0.46647721572471645,100,0.9994706124301131,0.328709354706574
R1074M,PAL2,0,0.9981897325302298,1.787776211744553,4.98826626369674,7.480593922082335e-13,4.98826626369674,0.498826626369674,100,0.999444491616806,0.358787802707227
R1075J,FR1,1,0.994486157204947,6.502735331299371,9.789197419436395,3.4788172342814506e-13,9.789197419436395,0.9789197419436395,100,0.997670270042597,0.4068807745534262
R1075J,catFR1,0,0.9926752961409439,8.527486506161889,9.630349541305867,1.7053025658242404e-13,9.630349541305868,0.9630349541305868,100,0.9974498761683435,0.36824195439875923
R1077T,FR1,0,0.992358127358244,8.900549584078057,9.743907638348,1.807620719773695e-13,9.743907638348002,0.9743907638348002,100,0.9971436913711035,0.372538914224112
R1077T,FR1,1,0.9953201104337193,5.582012388137872,9.854597186850825,3.04680725093931e-13,9.854597186850821,0.9854597186850821,100,0.9974569578956732,0.307869035738454
R1077T,FR2,0,0.9947455812900611,6.210795891862505,9.861198633529044,-3.04680725093931e-13,9.861198633529044,0.9861198633529045,100,0.997410535086135,0.3589286550430168
R1077T,FR1,2,0.9957181614819224,5.257654190220832,9.758542817681105,-2.296474121976644e-13,9.758542817681102,0.9758542817681102,100,0.9978898250882128,0.29982836744497643
R1077T,FR1,3,0.99820979911238,1.7650881360435462,0.6391300331911,2.6261659513693303e-13,0.6391300331910998,0.06391300331910998,100,0.999989162305046,0.3513601049392973
R1078N,PAL1,0,1.1937254480908739,-124.11303444586419,365.4817429225606,3.802628709998881e-13,365.4817429225606,67.86825584954323,29,0.4427660983363608,0.43112716921247946
R1080E,FR1,1,1.0010201634636011,-7.236711573669917,1.978311428013484,2.41016095969826e-13,1.978311428013484,0.1978311428013484,100,0.9999034633461689,0.327507860905532
R1080E,FR1,0,1.002639597217841,-9.223627594329646,1.0568094868739735,-1.9554136088117957e-13,1.0568094868739735,0.10568094868739734,100,0.9999696153465994,0.347145924791447
R1081J,FR1,0,0.9959649626323083,5.032885012542837,10.17109965551334,-2.501110429875553e-13,10.171099655513338,1.0171099655513338,100,0.9974241572750367,0.2639001725036581
R1081J,FR1,1,0.9926174738238441,8.65512167761339,9.863888177533756,-1.842923474645144e-13,9.863888177533754,1.0120135737538316,95,0.9976123040809556,0.3624170267991889
R1082N,PAL1,1,0.5949656281151937,456.082518674939,267.9557534821428,-1.8189894035458566e-13,267.9557534821429,26.79557534821429,100,0.3177245796834053,0.3142816764640476
R1083J,FR1,1,0.9938255763754292,7.262720448674651,9.9357626013942,6.548361852765083e-13,9.935762601394199,0.9935762601394199,100,0.9976576468436422,0.31727433231574215
R1083J,FR1,2,0.994807962406138,6.211548999950983,9.752915389785462,-3.0013325158506633e-13,9.752915389785466,0.9752915389785466,100,0.9974202752869987,0.2894322223724493
R1083J,FR1,3,0.9946511398532114,6.346190453664245,9.74086609172113,8.753886504564434e-14,9.74086609172113,0.9740866091721131,100,0.997445991746047,0.329949371947826
R1083J,FR1,4,0.9957510476739514,5.225738084314648,9.954990002243026,4.320099833421409e-14,9.954990002243026,0.9954990002243026,100,0.9977963761271161,0.36652219630405575
R1083J,catFR1,0,0.995194717300966,5.83300416822169,9.851290928671983,2.0577317627612502e-13,9.851290928671983,0.9851290928671983,100,0.9977538554465668,0.29100345330787597
R1084T,FR1,0,0.994698129749442,6.279248435824097,9.839041109131944,-3.035438567167148e-13,9.839041109131946,0.9839041109131946,100,0.9975947585686445,0.3286363250107203
R1086M,catFR1,0,0.9951204084251578,5.814425533229566,9.879660582973308,-1.5347723092418165e-13,9.879660582973306,0.9879660582973306,100,0.9977761250236373,0.34866044038834654
R1086M,PAL1,0,0.9984637468707324,2.3059572096862855,9.07922989473079,-6.37783159618266e-13,9.07922989473079,0.907922989473079,100,0.997656235252585,0.33526984521181247
R1087N,PAL1,0,1.0001317657660111,-0.18332323736485442,0.2952397345314906,5.059064278611914e-13,0.2952397345314906,0.029523973453149062,100,0.9999977316287099,0.3070988817727847
R1087N,PAL1,1,1.0002619393749324,-0.31903970605272547,0.4849567836951414,-9.140421752817928e-13,0.4849567836951414,0.04849567836951414,100,0.9999933734946294,0.35864925617088694
R1089P,catFR1,0,1.0028142701090947,-2.9181446994578777,1.8854253494357018,6.195932655828074e-13,1.8854253494357018,0.18854253494357018,100,0.9999092732980916,0.36351702068918734
R1089P,PAL1,0,0.995454693376374,5.4703025557756,8.438877307211023,-1.1368683772161603e-13,8.438877307211023,0.8438877307211022,100,0.9982592302363352,0.30883009450635407
R1090C,PAL1,0,0.9941422890295537,6.983652198689526,10.465403204800586,-3.382183422218077e-13,10.465403204800586,1.170067648893913,80,0.9977176622537575,0.41824006548994236
R1091N,PAL1,0,0.8318987781872683,199.27903382225128,310.20298237143885,-7.275957614183426e-14,310.20298237143885,31.020298237143884,100,0.34443682871014636,0.3394293879474218
R1091N,PAL1,1,1.0003055496060025,-0.35556552208694775,0.46574098193663066,3.4447111829649655e-13,0.46574098193663066,0.046574098193663066,100,0.9999931871730543,0.31322445914366853
R1091N,PAL1,2,0.9991874060139987,0.7949890762550333,0.6204200319120854,-5.32054400537163e-13,0.6204200319120854,0.06204200319120854,100,0.999990556529615,0.36693077151862047
R1091N,PAL1,3,1.0003725091552949,-0.4181340435401385,0.4640917859707243,-3.8539837987627835e-13,0.4640917859707243,0.04640917859707243,100,0.9999950536075877,0.4033619860378979
R1091N,PAL2,1,1.0955068037532176,-41.2009710550061,477.06296807465037,9.19600198459294e-13,477.0629680746504,50.28685221453626,90,0.2977537857068438,0.29652714871458674
R1093J,catFR1,0,0.9948344310253591,6.259643233737563,9.937048005816752,2.4556356947869064e-13,9.937048005816752,0.9937048005816752,100,0.997909245146261,0.35690866097450974
R1094T,FR1,1,0.9946354472073643,6.301087765126265,9.849720015673432,9.322320693172514e-14,9.849720015673434,0.9849720015673433,100,0.997696662000083,0.33241353847269417
R1094T,FR1,2,0.9996924282142314,0.25102050673190496,0.6047459148282591,2.523847797419876e-13,0.6047459148282591,0.06047459148282591,100,0.9999902888689894,0.35769074204876616
R1094T,catFR1,0,1.0005298943418763,-0.5856542933723985,0.6643866791121288,9.094947017729283e-14,0.6643866791121289,0.06643866791121289,100,0.9999898355927112,0.31198914422477286
R1095N,PAL1,0,1.000598552378805,-0.5915708930444976,0.46095576735095833,-4.592948243953288e-13,0.46095576735095833,0.04609557673509583,100,0.9999946604703004,0.3312899493889445
R1095N,PAL1,1,0.9996735157914961,0.3277836156537023,0.5637631417656285,-1.1368683772161603e-15,0.5637631417656285,0.056376314176562844,100,0.9999921930313098,0.3089498505557222
R1095N,PAL1,2,1.0229972155539422,127.18521198323693,202.30300820663038,4.850638409455617e-13,202.30300820663035,36.93530701530806,30,0.5432270914787675,0.5195240987897612
R1095N,PAL2,0,1.0002199700402994,-0.22567459667806378,0.6316782940337008,-3.145335843631377e-13,0.6316782940337008,0.08154931709844117,60,0.9999901792543707,0.4640323725408013
R1096E,FR1,0,0.8344291918509199,187.50225197249543,195.9427030719187,-4.445155354915187e-13,195.9427030719187,19.59427030719187,100,0.5421690559401311,0.2979374162187831
R1096E,FR1,1,0.39061762806746875,598.8295405327021,145.48855979481849,4.206412995699793e-14,145.48855979481849,14.548855979481848,100,0.37091007260542197,0.31881766226181113
R1097N,PAL1,0,1.000411190163623,-0.8866110927233908,0.6026340530458967,-8.051703095107394e-13,0.6026340530458967,0.06536484051217935,85,0.9999915123516366,0.32859657768705286
R1097N,PAL1,1,1.7001860752202795,-157.69876156943545,573.0674051351052,1.1563575493970087e-12,573.0674051351052,68.49465576945013,70,0.4137599335056763,0.35279863044905063
R1100D,FR1,0,0.8443325819814428,-481.4517402458197,279.8296774934708,2.3419488570652903e-13,279.8296774934708,27.98296774934708,100,0.4067805272286315,0.3461120654092044
R1100D,FR1,1,0.9879650781857163,14.032005560778353,12.254339028227234,-2.633745073884105e-13,12.254339028227234,1.5820283658367884,60,0.9957432062084567,0.4632088387987227
R1100D,FR1,2,1.717663848697068,-431.69936667969455,551.3818185234285,9.155579997847477e-13,551.3818185234286,63.66808827015337,75,0.3840717566094016,0.3300769571006953
R1100D,FR1,3,0.7492946821013247,335.43245113336775,290.82617217438997,-2.7625901566352697e-13,290.82617217438997,29.082617217438997,100,0.3596605228370897,0.28790113412345
R1100D,PAL1,1,0.9971633625815178,3.6766165702515017,8.971286800578323,8.753886504564434e-14,8.971286800578323,0.8971286800578323,100,0.9982914478391216,0.3519284437650846
R1101T,FR2,0,0.9954571003268607,5.543132902085786,9.955580342422428,-2.398792275926098e-13,9.95558034242243,0.995558034242243,100,0.9976167550608825,0.3345222196882625
R1101T,FR1,0,0.9940748215722771,6.946057113261759,9.940837231408047,4.581579560181126e-13,9.940837231408047,0.9940837231408046,100,0.9974879069018463,0.30558882672684934
R1102P,catFR1,0,0.994428579595242,6.62181600119852,10.031029496616002,-9.43600753089413e-14,10.031029496616002,1.0031029496616002,100,0.9974107360326417,0.3235845354473649
R1102P,PAL1,0,0.9816454303250095,22.20490205592033,16.9652796980516,-4.673792217444214e-13,16.9652796980516,3.2649696001824613,27,0.9924743370395904,0.5628602407193151
R1105E,catFR1,0,0.8916775075034732,170.791105107697,300.8884145420847,-3.035438567167148e-13,300.8884145420847,30.08884145420847,100,0.39596565557996094,0.31001242277299396
R1106M,FR1,1,0.9955190793335229,5.50398938871972,10.020789308779372,-1.4438228390645236e-13,10.020789308779374,1.0020789308779374,100,0.9973944953400604,0.3337644406768283
R1106M,PAL1,0,0.9931248047224875,7.890818731748354,9.476087302556067,6.355094228638336e-13,9.476087302556067,0.9476087302556067,100,0.9975394463551517,0.37632622037668717
R1106M,catFR1,0,0.9950302517567723,5.931902514361761,9.959388363940139,4.18367562815547e-13,9.959388363940139,0.9959388363940139,100,0.9971724163049446,0.37823454645103755
R1107J,catFR1,1,0.992175480269568,8.978115052739794,9.760772201406468,-5.138645065017044e-13,9.760772201406468,0.9760772201406468,100,0.9973352124454067,0.33237890252599966
R1107J,catFR1,0,0.978022044143188,34.7118040147915,148.8896217350398,-4.4906300900038334e-13,148.8896217350398,14.88896217350398,100,0.6970662513780029,0.3102758615388596
R1108J,catFR1,0,0.6092879110435292,402.34698685097754,162.34322960774483,6.8212102632969615e-15,162.34322960774483,16.234322960774485,100,0.48458963224937773,0.33053380690220885
R1108J,catFR1,1,0.995883039686773,5.069870714365926,9.858464079271767,-1.2505552149377763e-14,9.858464079271767,0.9858464079271767,100,0.9977647306116434,0.3428374578852841
R1108J,catFR1,2,0.9960245255747568,4.9944125154184515,9.661456987302076,5.502442945726216e-13,9.661456987302076,0.9661456987302076,100,0.9979710934106427,0.34549423581312205
R1108J,catFR1,3,0.9943821801556311,6.655402497773359,9.842394808818945,-3.5356606531422584e-13,9.842394808818945,0.9842394808818945,100,0.9975428937722408,0.3411936247262664
R1109N,PAL1,0,1.0000307139233702,-0.09348420589555181,0.5775574726186884,2.7569058147491885e-13,0.5775574726186883,0.06457288848441801,80,0.9999925493959911,0.369518453859893
R1109N,PAL1,1,1.0010002967632203,-1.0715330635034646,0.5189249420644781,2.842170943040401e-14,0.518924942064478,0.0518924942064478,100,0.9999926194450128,0.345400486001512
R1109N,PAL2,0,1.00091093441555,-0.9985498272644558,0.5061912423351075,-4.547473508864641e-13,0.5061912423351075,0.0715862520064795,50,0.9999938910276709,0.4824945602049663
R1111M,FR1,2,0.9951981495831353,5.777227903303806,10.272581522465732,-2.0691004465334118e-13,10.27258152246573,1.027258152246573,100,0.9976423425766973,0.3492460116613597
R1111M,FR1,3,0.9944795647517068,6.479937528069486,10.03079967810665,3.4560798667371273e-13,10.030799678106652,1.0030799678106652,100,0.997795722127331,0.3279027502947008
R1111M,FR2,0,0.9948168535442773,6.157144423813267,9.962025937242759,5.343281372915954e-13,9.96202593724276,0.996202593724276,100,0.9977829392404687,0.33825464877808703
R1111M,FR2,1,0.9929787978836311,8.078657786843443,9.67842382834353,-8.697043085703627e-13,9.67842382834353,0.967842382834353,100,0.9975338659380564,0.36673891663616637
R1111M,FR2,2,0.9957291238969819,5.239137002982109,9.947104198740835,-1.523403625469655e-13,9.947104198740835,0.9947104198740835,100,0.9976667670045062,0.3806756182484185
R1111M,FR2,3,0.993192658979025,7.700411115735589,9.64881410881435,2.773958840407431e-13,9.64881410881435,0.964881410881435,100,0.997594998512646,0.41383899423667964
R1111M,FR2,4,0.9927534855467156,8.18492059999526,9.741186026794713,-4.990852175978943e-13,9.741186026794713,0.9741186026794713,100,0.9975377515285504,0.3407271211068406
R1111M,FR2,5,0.9951852984311488,5.663535870437125,9.69090475182035,-4.2973624658770857e-13,9.69090475182035,0.969090475182035,100,0.9977381130272306,0.32283475229289255
R1111M,PAL1,0,0.9964954107396683,4.238400205742995,8.69752942238724,-6.912159733474255e-13,8.69752942238724,0.8697529422387239,100,0.9981142346959052,0.29392745137154813
R1111M,PAL1,1,0.9958053250200181,5.073853244295182,9.185230885049199,1.9213075574953108e-13,9.185230885049199,0.9185230885049199,100,0.9980661441131757,0.34808982483119444
R1111M,PAL2,0,0.9970488302639089,3.834370395622325,9.254898657691687,1.4097167877480388e-13,9.254898657691687,0.9254898657691687,100,0.9982541569278239,0.4307072211963755
R1111M,PAL2,1,0.9958568945445001,5.07748539777672,9.145703404696151,4.968114808434621e-13,9.14570340469615,0.9145703404696149,100,0.9981514741722648,0.32925254586115904
R1111M,catFR1,0,0.994639462252242,6.236211294784434,10.108077062637609,-4.922640073345974e-13,10.108077062637607,1.0108077062637606,100,0.997375573585918,0.36287537214972365
R1111M,catFR1,1,0.9937331049550917,7.2137886294582625,9.989626040713276,5.979927664157003e-13,9.989626040713276,0.9989626040713275,100,0.997411895803846,0.3285156497892887
R1112M,FR1,1,0.9980228315132856,2.8626892593348994,9.047073883214162,-1.8303580873180182e-13,9.047073883214164,0.9047073883214164,100,0.9980832098217864,0.3317580550022484
R1112M,FR1,2,0.9951182557292788,5.872033812464939,9.827708243259039,3.0240698833949866e-13,9.827708243259039,0.9827708243259039,100,0.9977778210000431,0.36460565734191064
R1112M,FR2,0,0.9939603159250204,7.0198910794956335,9.793803689155792,3.694822225952521e-13,9.793803689155798,0.9793803689155798,100,0.9971163046206764,0.3432931915394512
R1112M,PAL1,0,0.9954462879175857,5.438156312338698,9.038807326984902,4.547473508864641e-15,9.0388073269849,0.90388073269849,100,0.9981238735531435,0.3721359583420306
R1112M,PAL1,1,0.9954539035197045,5.412147025384137,9.08220968841716,-4.5474735088646414e-14,9.08220968841716,0.908220968841716,100,0.9979315547509106,0.4174428141060598
R1112M,PAL2,0,0.996563097296494,4.354439228497489,9.096441874410418,3.9108272176235914e-13,9.09644187441042,0.909644187441042,100,0.998176682732614,0.35994377475859546
R1112M,catFR1,0,0.9970714678214571,3.807501567941814,9.97875259718962,-2.489741746103391e-13,9.97875259718962,0.9978752597189621,100,0.99763410128418,0.3229964801414593
R1113T,FR1,0,0.9993742866239009,0.5791934427208526,0.7687244250743891,7.946709956740961e-13,0.768724425074389,0.0768724425074389,100,0.9999844798321159,0.3312985927125281
R1113T,FR1,1,0.9949228731453215,6.104609630192416,9.64964688721723,3.637978807091713e-13,9.649646887217234,0.9649646887217234,100,0.9979784144196241,0.36204771543499603
R1113T,FR1,2,0.9930444277683664,8.056074790712803,10.034793350110021,2.3646862246096135e-13,10.034793350110023,1.0034793350110023,100,0.9971444736161877,0.28032203222601737
R1114C,catFR1,0,1.0000185220352809,-0.09329930780644294,1.148637492408109,1.1937117960769684e-13,1.148637492408109,0.12842157572647153,80,0.9999672559104343,0.37864356081061395
R1115T,FR2,0,0.9958247597072073,5.133110321245852,9.86452438966277,0.0,9.86452438966277,0.9864524389662771,100,0.9979079844958223,0.3761779232116259
R1118N,PAL1,1,1.0002045303404379,-0.24486986080232614,0.39687916880548035,7.275957614183426e-13,0.39687916880548035,0.039687916880548034,100,0.9999962869143664,0.3263792560951824
R1118N,PAL1,2,0.999414221272933,0.5676726904211935,0.5261828464241048,8.017913818261341e-14,0.5261828464241048,0.05398522096696789,95,0.9999925046956888,0.36309260258592707
R1120E,FR1,0,0.0005359986044250411,1252.9342351444782,519.4361070490382,-1.8839533108153515e-13,519.4361070490382,87.80072718642238,35,0.6725608668370225,0.520554846472188
R1121M,PAL1,1,0.3208324257635476,669.5878690705376,131.62780461505955,6.8212102632969615e-15,131.62780461505955,13.162780461505955,100,0.3268852903280307,0.3018508024296616
R1121M,PAL2,0,0.9943145312212359,6.470307852276726,8.45634478250454,3.524291969370097e-14,8.45634478250454,0.8456344782504541,100,0.9981417232115628,0.30641647321758253
R1122E,FR1,0,0.830752353942661,-12.809297628906691,266.21965079970636,1.4779288903810084e-13,266.21965079970636,26.621965079970636,100,0.3941963551091079,0.3216856749425524
R1122E,FR1,1,1.0000400810514214,0.8916282246694488,0.7923781417979331,7.105427357601002e-13,0.7923781417979331,0.07923781417979331,100,0.9999843572903588,0.29596963853732783
R1122E,FR1,2,1.000248814031299,0.7035015751803274,1.0658232246248949,-1.7053025658242404e-13,1.0658232246248949,0.10658232246248948,100,0.9999718615027832,0.31695652528922164
R1123C,FR1,0,0.996395863190262,4.501902244916345,9.905881656383364,3.717559593496844e-13,9.905881656383364,0.9905881656383364,100,0.9977433888059959,0.3532183713587449
R1123C,FR1,1,0.9963494105266667,4.513139655651143,9.795806047488323,4.160938260611147e-13,9.795806047488327,0.9795806047488327,100,0.9976033472068151,0.3600122978883027
R1123C,FR1,2,0.9957916668341882,5.084261500103608,9.894976394496432,2.171418600482866e-13,9.894976394496432,0.9894976394496432,100,0.9975763345906928,0.2959386724367356
R1125T,FR1,0,0.9936490790184356,7.29552269873013,9.940881172604973,2.0463630789890885e-14,9.940881172604973,0.9940881172604973,100,0.9973765640602906,0.2971062311317901
R1125T,FR1,1,0.9940740808236457,6.992481960993286,9.644315480175429,-3.54702933691442e-13,9.644315480175429,0.9644315480175429,100,0.9976102150326069,0.35807052336257583
R1125T,FR1,2,0.9952036043826554,5.783784975768441,9.65441072475086,1.523403625469655e-13,9.654410724750862,0.9654410724750863,100,0.9979481669942504,0.32424283640122725
R1128E,FR1,0,0.9947762348710952,7.298205684468442,10.170926812801376,-1.0231815394945442e-14,10.170926812801376,1.0170926812801375,100,0.997283174702214,0.35664091937970605
R1129D,FR1,0,0.9937508704346161,7.313297506717869,10.739728407823087,-2.683009370230138e-13,10.739728407823087,1.0739728407823086,100,0.9976994481057669,0.3270303023911905
R1130M,FR1,1,0.9942845244863693,6.55512217435556,9.502258129935068,-5.798028723802418e-14,9.502258129935068,0.9502258129935068,100,0.9977641985389829,0.28649302020450923
R1130M,PAL1,0,1.0014122767175428,-6.528400594297847,1.6621872146987522,1.4210854715202004e-13,1.6621872146987524,0.16621872146987524,100,0.999918076351539,0.3985642025673716
R1130M,PAL2,0,0.9962895779176616,4.5380086580324175,8.474195483859855,-1.1596057447604835e-13,8.474195483859855,0.8474195483859855,100,0.9985118676892306,0.31559631965395124
R1130M,catFR1,0,0.9931593762012428,8.420659097203341,12.002317034747723,7.124375163887938e-13,12.002317034747724,1.5494924663826508,60,0.996892185946615,0.399719616202407
R1131M,PAL1,0,0.9954519539972148,5.363469579941293,8.749748250796111,4.2859937821049243e-13,8.74974825079611,0.874974825079611,100,0.998046367144102,0.4215295002649215
R1131M,catFR1,0,0.9942300865538954,6.840046593972955,9.853424926741337,7.946709956740961e-13,9.853424926741337,0.9853424926741337,100,0.997808556073074,0.34995734362513203
R1134T,FR1,0,0.9941447734734925,6.95975839190248,9.83799377564002,7.275957614183426e-14,9.837993775640022,0.9837993775640023,100,0.9978277660937643,0.32263124989749364
R1134T,FR1,1,0.9941470551505113,6.876400527749764,9.340771845567293,1.1027623258996755e-13,9.340771845567293,0.9340771845567293,100,0.9977014330066725,0.3254598581632396
R1134T,FR1,2,0.999345516751683,0.612179467282869,0.7547336325177659,-3.4106051316484808e-15,0.7547336325177659,0.07547336325177659,100,0.999986082511945,0.4022051865431575
R1135E,FR1,3,1.0020649283784806,-1.1567320289939889,1.034691028163334,3.137756721116602e-13,1.034691028163334,0.1034691028163334,100,0.9999760601192585,0.316807521062344
R1136N,FR1,0,0.994247663655583,6.838799892985096,9.752044821914357,4.888534022029489e-14,9.752044821914357,0.9752044821914356,100,0.9976767204692182,0.3336883190142361
R1136N,FR1,1,0.9923508166911834,8.74204962289136,10.130718501914762,6.002665031701327e-13,10.130718501914764,1.0130718501914764,100,0.9970441994113421,0.3252934033044702
R1136N,PAL1,0,0.994298520496406,6.715362435396159,8.937142759790609,1.6825651982799172e-13,8.93714275979061,0.8937142759790611,100,0.9980396552538711,0.35152494717328986
R1136N,PAL1,1,0.9956327193175003,5.252874020062277,8.950575182082853,1.887201506178826e-13,8.950575182082853,0.8950575182082853,100,0.9980530509437817,0.387094676298555
R1136N,PAL2,0,0.9947567528416124,6.35388631322823,9.422266532966797,3.0190171350518033e-13,9.422266532966795,0.9931940988451021,90,0.9980133617301226,0.3672112597426134
R1137E,FR1,0,1.0036945797209278,-7.763890036492631,3.3803656673415667,-2.785327524179593e-13,3.380365667341567,0.3380365667341567,100,0.9997360053939881,0.3231925465516976
R1137E,FR1,1,0.9999270369793318,-0.04585497839627349,2.0458465066569023,7.833023119019344e-13,2.0458465066569027,0.20458465066569026,100,0.9999005908633531,0.30431201158065957
R1137E,FR1,2,1.0018193263114943,-1.913565341800653,2.0036793701531947,-6.139089236967266e-13,2.0036793701531947,0.20036793701531946,100,0.9999014547073458,0.32366582675222666
R1141T,catFR1,0,0.9937026887047824,7.217348818412207,9.84633209754202,4.263256414560601e-13,9.846332097542021,0.9846332097542021,100,0.9973297541648815,0.3248573613710213
R1141T,PAL1,0,0.9955869992038308,5.288993370858294,8.95581394567597,-3.353761712787673e-13,8.95581394567597,0.895581394567597,100,0.9981332038963825,0.31384409325484086
R1141T,catFR1,1,0.999931976171957,0.03904418546404349,0.6992863257989033,3.3992364478763195e-13,0.6992863257989034,0.06992863257989033,100,0.9999885283799129,0.36960528114303676
R1141T,catFR1,2,0.9953035055937899,5.697642763379141,9.956332991090616,1.9326762412674725e-13,9.956332991090619,0.995633299109062,100,0.9979157533118663,0.350474952404979
R1142N,FR1,0,0.9958322621208153,5.140491157094975,9.84737952203144,3.637978807091713e-14,9.84737952203144,0.9847379522031441,100,0.99801940762561,0.36182084597840225
R1142N,PAL1,0,0.9955133597041198,5.45624891830888,8.9517189824726,3.04680725093931e-13,8.9517189824726,0.8951718982472601,100,0.9981000820035847,0.33168436455429506
R1144E,catFR1,0,0.9955581342808437,5.434712316951069,10.008463572415463,6.627942639170215e-13,10.008463572415465,1.0008463572415465,100,0.9974153932773425,0.3576434980131203
R1144E,catFR1,1,0.9948815219692758,6.113412549094139,9.974693145625974,1.8189894035458566e-13,9.974693145625976,0.9974693145625976,100,0.9973720999561898,0.36493260415076123
R1144E,catFR1,2,0.9994178156315588,1.4901991197449538,10.016694874967605,2.1600499167107045e-13,10.016694874967605,1.0016694874967604,100,0.9978032385136539,0.3155116757297966
R1149N,FR1,0,0.993793312695642,7.436590235551684,9.9328879666769,2.2282620193436741e-13,9.932887966676901,0.9932887966676901,100,0.9973660012067527,0.32609450243505417
R1149N,PAL1,0,0.9952621872766096,5.644259363847806,8.952850836968338,6.8212102632969615e-15,8.952850836968336,0.8952850836968336,100,0.9981455193267857,0.28681553157470707
R1149N,PAL2,0,0.995625635816115,5.331099687349863,8.85474268725789,-1.523403625469655e-13,8.854742687257888,0.8854742687257888,100,0.9978043640176271,0.3933348494968471
R1150J,FR2,0,0.9959317325699107,5.089104897209788,9.779346967800397,5.093170329928399e-13,9.779346967800397,0.9779346967800396,100,0.9979823921931923,0.40866857280297597
R1153T,FR1,2,0.9990235661713792,0.9520834277033551,0.8241037556694952,-3.512923285597935e-13,0.8241037556694952,0.08241037556694952,100,0.9999811985609309,0.3468870691750901
R1153T,FR1,3,0.9949060850137664,6.012351799215027,9.75449150287499,2.580691216280684e-13,9.75449150287499,0.9754491502874989,100,0.9978380588587431,0.3873826170856302
R1155D,FR1,0,0.7308877622101193,342.92663894787876,323.47130900243747,-9.094947017729283e-15,323.47130900243747,32.34713090024375,100,0.31201476242399545,0.30020435867178513
R1157C,catFR1,0,1.0004295513399448,-0.4761278157658998,1.0219221943332164,-4.808953235624359e-13,1.0219221943332164,0.10219221943332164,100,0.9999696823601228,0.4010439303233693
R1157C,catFR1,1,1.000199361676833,-0.2964509963509393,0.9322718396953863,2.4442670110147445e-13,0.9322718396953863,0.09322718396953864,100,0.9999801379422705,0.3445700065117406
R1157C,catFR1,2,0.9996321293004802,0.29025450165272676,0.9333577823975566,1.5916157281026246e-14,0.9333577823975566,0.09333577823975567,100,0.9999758569212127,0.3074410109555114
R1157C,catFR2,0,0.9941265330768781,6.7755813712144315,9.872360869802371,2.785327524179593e-13,9.87236086980237,0.9872360869802369,100,0.9969017753565151,0.33142802782520386
R1162N,FR1,0,0.9918574914780646,9.263435061293197,9.720650695977639,3.61524143954739e-13,9.720650695977637,0.9720650695977637,100,0.9971825739738254,0.4868724272133921
R1162N,PAL1,0,0.7340102221075893,351.53525239510174,324.96531190398576,-1.978150976356119e-13,324.96531190398576,32.49653119039858,100,0.2962782682362401,0.2957190782215263
R1162N,PAL1,1,0.995674977779432,5.232096859668466,8.946680961386727,-2.6489033189136536e-13,8.946680961386727,0.8946680961386727,100,0.9980315679469649,0.31421790259032273
R1162N,PAL1,2,0.992041215513989,9.620740003119357,11.159959238568959,1.2942809217537824e-13,11.159959238568959,1.3842225821822858,65,0.9972731623665745,0.39376719901416274
R1162N,PAL1,3,0.9936920083638678,7.502059457072033,9.68511226080299,6.446712444919874e-13,9.68511226080299,1.0504979183805363,85,0.9975313265300821,0.373915597209951
R1162N,PAL2,0,0.9941988577703484,6.72067588961918,8.951510251562368,-9.23137122299522e-13,8.951510251562368,0.8951510251562368,100,0.9977523993848797,0.34011262241995166
R1176M,FR2,0,0.9940122579626522,6.763555325898238,9.867940314954781,3.581135388230905e-13,9.867940314954781,0.9867940314954782,100,0.9976506584444192,0.4018659021910435
R1176M,FR2,1,1.2460227055561184,-493.7101652098556,492.2479984779697,-1.4779288903810084e-13,492.2479984779697,49.22479984779697,100,0.34363323080643166,0.30720354434768143
R1176M,FR2,2,0.9945762397889737,6.656622138637693,11.646361249602224,2.4523874994234314e-13,11.646361249602224,1.3920064160168037,70,0.9963274474384594,0.4402242589467382
R1176M,FR2,3,0.9940831791268041,6.794210599320249,8.850070498129412,1.0459189070388675e-13,8.85007049812941,0.885007049812941,100,0.9978346998368735,0.39165863029453085
R1176M,catFR1,0,0.9962527498799969,4.616992970315412,9.913492694267477,2.8308022592682394e-13,9.913492694267479,0.9913492694267478,100,0.9977139479233246,0.360299166840185
R1177M,FR1,0,0.9955011096715721,5.32843010739464,10.058846395409187,6.09361450187862e-13,10.058846395409187,1.0058846395409187,100,0.997576066380627,0.3172169281482143
R1177M,FR1,1,2.2190539880846862e-05,1036.7626719486093,191.85052407042505,7.958078640513122e-14,191.85052407042505,19.185052407042505,100,0.5412539964324729,0.5298447680405353
R1177M,FR2,1,0.9912355685142507,10.019875470169094,10.450866202237162,3.600083194517841e-13,10.45086620223716,1.1016180240247775,90,0.997433399769911,0.39047094356713413
R1177M,FR2,2,0.9941865115948905,6.744995912379456,9.57242169714347,6.002665031701327e-13,9.572421697143472,0.9572421697143472,100,0.9978141564940777,0.42757128289817026
R1177M,FR2,3,0.990160319709101,11.493296350779726,11.936544185285706,2.743642350348334e-13,11.936544185285708,1.378313399713713,75,0.9964345968818653,0.4704613103076442
R1177M,FR2,4,0.9942336624833374,6.7725776898151056,10.091734184809237,-5.593392415903509e-13,10.091734184809237,1.0091734184809238,100,0.9974861336015368,0.37616056676843546
R1177M,FR2,5,0.9943151354959425,6.9840371358196744,10.909678623016033,-3.789561257387201e-14,10.909678623016033,1.2597411779541223,75,0.9970239509595172,0.4309067431701149
R1177M,FR2,6,0.9910896226104496,10.59762840640942,11.813685914358153,-1.0669072463105504e-13,11.813685914358151,1.4653073969076837,65,0.996632825948482,0.4306463579866507
R1180C,catFR1,0,0.9934369847414266,7.646294743080337,10.694380089020942,-1.5648658839328324e-13,10.69438008902094,1.1599683843990167,85,0.9967518456311728,0.3467775519197473
R1180C,catFR1,1,0.9934233202048858,7.904715019689084,11.361685851703506,-4.926429634603361e-13,11.361685851703506,1.3119344769857961,75,0.9971280124660098,0.4042643371329472
R1180C,catFR1,2,0.9946054929493269,6.401945469166366,9.7667302666275,4.320099833421409e-14,9.766730266627496,0.9766730266627496,100,0.9978447378663142,0.31561404581398406
R1180C,catFR2,0,0.9965336941021612,4.284952283447043,9.58153003265376,-3.2969182939268646e-14,9.581530032653763,0.9581530032653763,100,0.9976927937893011,0.30594133621562486
R1184M,FR2,0,0.9876800997481981,14.919994226913255,15.16269223164233,-1.6484591469634324e-13,15.16269223164233,2.397432145606558,40,0.9950958896890499,0.49401583319956144
R1184M,FR2,1,0.9941436685281664,6.8444656354797075,10.610504474044154,2.4342358194510726e-13,10.610504474044154,1.150870796620649,85,0.9971081339293985,0.3829938281242435
R1184M,FR2,2,0.9922633075572947,9.462886996944588,13.674148926568531,3.4788172342814506e-13,13.674148926568527,1.933816686586271,50,0.9956001070898246,0.45829500850696137
R1184M,FR2,3,0.9921511126266034,9.242783231041555,11.823777730367302,5.19711258155959e-13,11.8237777303673,1.4132117413745882,70,0.996415247152044,0.40473813108737583
R1188C,catFR1,0,0.9954150984308586,5.537372501409568,9.905518166965473,1.6143530956469475e-13,9.905518166965473,0.9905518166965473,100,0.997627328574158,0.3011034479411867
R1192C,catFR1,0,0.9913407281149654,10.12027297898804,12.540366699633095,-6.698778284212145e-13,12.540366699633099,1.5554410552403395,65,0.996134369973443,0.4008817854127818
R1192C,catFR1,1,0.9952327949173864,5.794276508769775,9.976983891886059,6.821210263296962e-13,9.97698389188606,0.9976983891886061,100,0.9979428218108694,0.33311029135257214
R1192C,catFR1,2,0.9924771008372671,8.509256589234974,9.75634346928401,4.149569576838985e-13,9.756343469284008,0.9756343469284008,100,0.9974197291697132,0.3568153634050267
R1192C,catFR2,0,0.995778255756598,5.254298582345466,10.222721807303005,-1.882148757835643e-13,10.222721807303005,1.0775694932450137,90,0.9977007153855477,0.3762824898425495
R1192C,catFR2,1,0.9938022866679052,7.36619661513489,9.710257239454851,7.108419116488413e-13,9.710257239454847,0.9962513720858823,95,0.9976861727499639,0.3211306558802858
R1422T,FR1,0,0.9993182362517343,0.6088647781479689,0.6849099084712259,-4.672529030358419e-13,0.6849099084712258,0.06849099084712258,100,0.9999850425123776,0.3075563344814254
R1422T,FR1,1,0.36481646737263096,613.6899471671716,113.31977895968063,-4.433786671143025e-14,113.31977895968063,11.331977895968063,100,0.4255605216316914,0.307678440269137
R1501J,DBOY1,0,0.9985885272327415,1.4160875029674913,4.961546713788456,-2.7966962079517543e-13,4.961546713788456,0.4961546713788456,100,0.9990858466187483,0.38221675409985184
R1501J,DBOY1,1,0.5759609447635575,438.34153328049877,114.35779734030798,3.865352482534945e-13,114.357797340308,11.435779734030799,100,0.490084661441502,0.3964436390184169
R1501J,RepFR1,0,0.9996964966588533,0.25765424240221313,0.22398538676649354,2.6261659513693303e-13,0.22398538676649357,0.022398538676649357,100,0.9999984137041987,0.3222846343043429
R1503E,DBOY1,0,1.0010705771210806,-7.0265045173113965,4.338186176639609,4.786814219857517e-15,4.33818617663961,0.44508851045473025,95,0.9993025813228988,0.34889528394115726
R1503E,DBOY1,1,0.3859889545483535,624.3233286141492,108.78211804638639,-4.581579560181126e-13,108.78211804638639,10.878211804638639,100,0.3770193389162599,0.3328735976042448
R1509E,DBOY1,0,0.9995503817051138,0.44319633928885427,4.624754463987727,-1.0686562745831906e-13,4.624754463987727,0.4624754463987727,100,0.999198153751835,0.3254850885005308
R1509E,DBOY1,1,0.3335583119571032,658.8950175597959,108.88524420333809,-4.3883119360543786e-13,108.88524420333809,10.888524420333809,100,0.3337622993209803,0.31679178183595325
R1509E,DBOY1,2,0.33433595480970774,661.9681925756788,108.93758943234755,-5.911715561524034e-14,108.93758943234755,10.893758943234754,100,0.3324796198733725,0.32743039380039807
R1509E,DBOY1,3,0.28777676630347615,710.5518003372392,110.28565197568145,1.1368683772161604e-14,110.28565197568145,11.028565197568145,100,0.29730973865866567,0.28411608158581086
R1509E,DBOY1,4,0.9948855817594587,2.1720880379914647,3.9768066554953383,-1.5575096767861397e-13,3.9768066554953387,0.39768066554953385,100,0.9993954682125158,0.34487043901745223
R1509E,DBOY1,5,1.0049226225666403,-4.8806696186432195,4.522296346332824,2.0463630789890886e-13,4.5222963463328245,0.4522296346332825,100,0.9991786256614417,0.3450599822136287
R1521E,DBOY1,0,1.0009527940190759,-0.9701731004763415,4.448752237984513,4.172306944383308e-13,4.448752237984513,0.4448752237984513,100,0.9992677532858072,0.34461735611671707
R1521E,DBOY1,1,0.39654203378709363,609.722360598977,107.61112425550246,4.89990270580165e-13,107.61112425550246,10.761112425550246,100,0.37871259873873375,0.3016121366661148
R1521E,DBOY1,2,0.321881070655571,675.0820770693946,110.02248882948497,1.4779288903810084e-14,110.02248882948497,11.002248882948496,100,0.32342626513653566,0.3146291464520251
R1523E,DBOY1,1,0.9974661908751079,2.506012524371559,4.700628084198196,1.8189894035458565e-14,4.700628084198196,0.4700628084198196,100,0.9991817739868079,0.3628717376791036
R1524T,DBOY1,0,0.7965464051528421,1200.9367125297206,225.98700938459854,1.9554136088117957e-13,225.98700938459854,22.598700938459853,100,0.37021735795858285,0.344450568081266
R1524T,DBOY1,1,0.6515164271123015,1361.2222875368466,231.63552701143607,-7.526068657170981e-13,231.63552701143607,23.163552701143608,100,0.30558740406521445,0.29982193468066687
R1524T,DBOY1,2,0.7792214623080741,1230.4433488432524,225.84579843149626,5.0022208597511053e-14,225.84579843149626,22.584579843149626,100,0.3716705434699483,0.3596892313103182
R1528E,RepFR1,0,0.9949713544441378,4.656701329930217,4.237699619993668,6.082245818106457e-13,4.237699619993668,0.4237699619993668,100,0.9993035721299461,0.36876982531152014
R1528E,RepFR1,1,1.0019896754532434,-2.070163304525649,5.519688904233537,1.6370904631912708e-13,5.519688904233537,0.5519688904233537,100,0.9990426745960915,0.3317871372507764
R1531T,RepFR1,0,1.0006150049963272,-0.6632157818614843,0.435054539536446,1.9326762412674726e-14,0.435054539536446,0.0435054539536446,100,0.9999920921369685,0.338311905206239
R1535E,DBOY1,0,0.9926054361738216,7.43881362638876,4.465169095820597,-6.014033715473488e-13,4.465169095820596,0.44651690958205964,100,0.9992588770735986,0.3334403647563968
R1538E,DBOY1,0,0.998388990875171,1.6867835587304096,4.288838012086375,-2.8308022592682394e-13,4.288838012086375,0.42888380120863745,100,0.9992870614708865,0.34729461266605083
R1538E,DBOY1,1,0.36273420924004407,642.1465497699895,105.19028468141784,1.7280399333685637e-13,105.19028468141784,10.519028468141784,100,0.37758301406410355,0.35910636251477895
R1539E,DBOY1,0,1.0006811350980926,-0.7118308414932144,5.392151751639205,-2.6375346351414917e-13,5.392151751639205,0.5392151751639205,100,0.9987190944045476,0.39370095136487754
R1539E,DBOY1,1,0.9968773329210905,3.067847800249308,4.567713044500288,7.253220246639103e-13,4.567713044500288,0.45677130445002884,100,0.9993191806024667,0.33475190972961594
R1543E,DBOY1,0,1.001398367806103,-7.704445885107934,3.0402873193743036,6.787104211980477e-13,3.0402873193743036,0.30402873193743035,100,0.9996439299594978,0.3942754354461352
R1543E,DBOY1,1,0.3306092882748156,679.3103942897226,106.75801882176306,-4.82032191939652e-13,106.75801882176306,10.675801882176305,100,0.34938526512409956,0.3323567795753369
R1543E,DBOY1,2,0.3511040153426886,656.2084322757869,106.13955652863045,-1.7621459846850485e-13,106.13955652863045,10.613955652863044,100,0.3636103841463635,0.346558972805374
R1543E,DBOY1,3,0.6307074216321963,1387.8052713098184,215.14402004042995,-2.6147972675971685e-13,215.14402004042995,21.514402004042996,100,0.329592520899656,0.2964605234337104
R1544E,DBOY1,0,1.0072673817521776,-7.2636426904610305,4.1128405720841545,-4.661160346586257e-14,4.1128405720841545,0.41128405720841543,100,0.9993777237594212,0.3236185614430709
R1544E,DBOY1,1,0.3028481666222468,682.372199414449,109.83532123042772,-2.8421709430404007e-13,109.83532123042772,10.983532123042773,100,0.33568420965353096,0.3285313891800568
R1546E,DBOY1,0,0.33104689811064086,658.2626834829354,109.96742297750713,2.1600499167107045e-13,109.96742297750713,10.996742297750712,100,0.3324879088770549,0.3236901385550731
R1546E,DBOY1,1,0.321832242857119,663.1802250400531,110.65438467441113,3.751665644813329e-14,110.65438467441113,11.065438467441114,100,0.3152788703002506,0.28355147492382116
R1546E,DBOY1,2,0.3534012665437171,636.6244197712753,109.96460327734239,2.683009370230138e-13,109.96460327734239,10.996460327734239,100,0.332556494814669,0.278184469819374
R1549E,DBOY1,0,0.3967786951276548,610.8408609032383,137.3177786116701,-1.0686562745831906e-13,137.31777861167012,13.731777861167012,100,0.3206931015458934,0.2768001074982039
R1551T,DBOY1,0,0.999766244443301,0.18046432853736719,0.4140202122252918,6.02540239924565e-14,0.41402021222529173,0.04140202122252917,100,0.99999370641625,0.3744098114993769
R1551T,DBOY1,1,0.29353982141503776,716.3673762397905,111.86735805255881,-4.0017766878008843e-13,111.8673580525588,11.18673580525588,100,0.28469861929524803,0.2733039173559708
R1551T,DBOY1,2,0.2545976939070475,760.3045794847088,112.17197991430079,-3.069544618483633e-14,112.17197991430078,11.217197991430078,100,0.27575675931684224,0.24459648227357914
R1551T,DBOY1,3,0.2953978479541325,714.7349571011646,111.42632977816184,-1.5006662579253317e-13,111.42632977816184,11.142632977816184,100,0.29712753373059464,0.27127146728693624
R1552E,DBOY1,0,0.5004436677230807,506.65779017649186,80.57847982606302,-6.821210263296962e-14,80.57847982606302,13.62024901291062,35,0.5483066218627521,0.5439466946172276
R1552E,DBOY1,1,1.0133773146044218,-15.414736641589046,4.3459154576130175,4.452734477429961e-13,4.3459154576130175,0.7243192429355029,36,0.9990251755218779,0.594865689400428
R1553E,DBOY1,0,1.0040668967449036,-4.20828318080653,4.529302503596677,4.0813574742060153e-13,4.529302503596677,0.45293025035966766,100,0.9991843999151054,0.36539940875496624
R1554T,DBOY1,0,1.0000077839078432,-0.06281485149647828,0.43169940866981066,-2.0122570276726037e-13,0.4316994086698107,0.043169940866981074,100,0.9999928158505794,0.30021306883726
R1554T,DBOY1,1,0.9996590150495674,0.28719686527671706,0.3483758144939859,2.296474121976644e-13,0.34837581449398586,0.03483758144939859,100,0.9999961182975055,0.36323336321945005
R1556J,DBOY1,0,1.000077156626086,-0.12178828147417341,0.26866492738011905,-1.0658141036401503e-13,0.26866492738011905,0.030037652039599533,80,0.9999966532530769,0.4371838233228388
R1556J,DBOY1,1,0.406279464237818,581.167778911983,94.07311349631239,-2.1600499167107045e-13,94.07311349631237,10.517693831640369,80,0.4234900871942934,0.3664831627283329
R1556J,RepFR1,2,0.2904181744146054,712.9520923886528,101.21529327348165,-1.1141310096718371e-13,101.21529327348166,10.121529327348167,100,0.30933689247174734,0.2905858708786636
R1560T,DBOY1,0,0.9992034538912256,0.7381574613777662,0.38935979134432935,-1.6800388241083259e-13,0.3893597913443294,0.04104212566453315,90,0.9999943920991747,0.35094708162871713
R1560T,DBOY1,2,1.0007482802915797,-0.8013287997925653,0.3933267829356952,5.729816621169448e-13,0.3933267829356952,0.03933267829356952,100,0.9999942503320068,0.39545147128504016
R1565T,DBOY1,0,0.9998731859662151,0.06718608952417,0.3922839217983797,-9.07220965018496e-13,0.3922839217983797,0.039228392179837965,100,0.9999923752566027,0.3397172051143962
R1565T,FR1,0,0.9996051586289327,0.37250129366549867,0.6047127541201504,-4.786215868080035e-13,0.6047127541201504,0.06047127541201504,100,0.9999916649232592,0.32971643097902775
R1566D,RepFR1,1,0.9999257465859158,0.032184491653655015,0.8644634431924448,1.8303580873180182e-13,0.8644634431924448,0.08644634431924449,100,0.9999673391734937,0.3850639996439299
R1566D,RepFR1,3,0.45798007048789735,280.1822631549489,200.8873335934389,-6.082245818106458e-14,200.88733359343888,20.088733359343887,100,0.5931726665391815,0.5754918140372222
R1566D,RepFR1,4,1.0011899543948986,-1.2801542734045588,3.1509427710658566,5.310799419281206e-13,3.150942771065856,0.3766096946353304,70,0.999632019767956,0.38581214886637677
R1567T,DBOY1,0,1.0006205332471496,-0.672440057268531,0.48155273386598,2.1600499167107045e-13,0.48155273386598,0.048155273386598,100,0.9999909987194348,0.3266994867183791
R1567T,DBOY1,1,0.3548765986977,636.2651111352399,105.84227283859882,-7.958078640513122e-14,105.84227283859882,10.584227283859882,100,0.3609890018260615,0.31340982633863335
R1568E,RepFR1,0,0.9967037327084383,-4.266987804656032,3.1576369212327506,3.2842864230689075e-13,3.1576369212327506,0.3328441564979063,90,0.9996541510310087,0.3131379590437755
R1568E,RepFR1,1,1.001301613643377,-8.982304891573873,3.015600087963559,-2.2019345411344579e-13,3.0156000879635596,0.3093940408796699,95,0.9996723132150144,0.28906289469444973
R1569T,DBOY1,0,0.6987662545844266,312.92393442593595,120.63656371425725,1.4292059599288872e-13,120.63656371425725,20.391301019786457,35,0.5460812548285019,0.5448874334307169
R1569T,DBOY1,1,0.6286405099813145,363.0056595946348,125.07140953144403,-1.948917218084846e-13,125.07140953144405,21.140926782078534,35,0.4956384273613081,0.49213619345493115
R1569T,FR1,0,0.9991382703315608,0.8420083807123117,0.4572476294669097,-4.03404908044444e-14,0.4572476294669098,0.0821240985914312,31,0.9999950440771886,0.579399299299652
R1570T,DBOY1,0,0.47230646240288326,540.3783498746252,123.31475488755645,-1.2960299500264226e-13,123.31475488755645,12.331475488755645,100,0.40957543990544387,0.33426120814295335
R1570T,DBOY1,1,0.39001326975730877,618.9478231317592,128.13683105083427,-3.524291969370097e-13,128.13683105083427,12.813683105083427,100,0.3184200371146212,0.31632855370833285
R1571T,DBOY1,0,1.000279721153314,-0.34314214301960083,0.4297110957901271,-4.53610482509248e-13,0.4297110957901271,0.04297110957901271,100,0.9999930327686497,0.4058376531364865
R1571T,DBOY1,1,0.9997755252439143,0.18465109406783992,0.6073195773356642,-5.911715561524034e-14,0.6073195773356642,0.06073195773356642,100,0.999986347887632,0.3416166522365822
R1571T,FR1,0,0.3435201508183074,670.2437308599359,105.74388624849196,2.2737367544323207e-14,105.74388624849196,10.574388624849195,100,0.41502169600950717,0.3267385654806037
R1572T,DBOY1,0,1.0001570166234224,-0.2260971994372616,0.40944587902591656,1.3301360013429075e-13,0.4094458790259165,0.04094458790259165,100,0.9999942479645281,0.35338860542824085
R1572T,DBOY1,1,0.43054277019636283,568.7649753732123,110.95581214688448,-2.9103830456733704e-13,110.95581214688448,11.095581214688448,100,0.39394566740793174,0.37834094256217726
R1572T,DBOY1,2,0.368201157103946,623.6413082073842,112.36390401301128,7.617018127348274e-14,112.36390401301128,11.236390401301128,100,0.36553383167238995,0.33798609999569745
R1572T,FR1,0,0.9998955304104642,0.09507864724248694,0.45790534193869026,-3.092281986027956e-13,0.45790534193869026,0.045790534193869026,100,0.9999948610709017,0.329274245643729
R1573T,DBOY1,0,0.36114953338442357,640.038046098371,136.77812138489426,3.717559593496844e-13,136.77812138489426,13.677812138489426,100,0.28705882645097003,0.2696388231234443
R1573T,FR1,0,0.9989752833524158,0.9918269466382643,0.7124941872531295,2.41016095969826e-13,0.7124941872531295,0.07124941872531296,100,0.9999875504348043,0.32768176859863485
R1582E,RepFR1,0,4.157082008967772,-2831.202391134937,802.4917088042215,5.078012084898849e-13,802.4917088042214,103.60123412227604,60,0.46657197980090986,0.409838574228379
R1593D,RepFR1,1,3.640173761318885,-2354.865142949967,425.38955796076107,1.0186340659856797e-12,425.38955796076107,85.07791159215222,25,0.6238740696660917,0.5778974380386273
